date,BAMLH0A0HYM2
1996-01-05,1.8582294124114802
1996-01-12,1.8150630433396775
1996-01-19,1.7440669656786274
1996-01-26,1.6229673186565114
1996-02-02,1.6074707875801857
1996-02-09,1.5986584478151036
1996-02-16,1.6262087235058904
1996-02-23,1.6027897135223035
1996-03-01,1.6942411837423799
1996-03-08,1.7724962460155043
1996-03-15,1.7812149908914674
1996-03-22,1.9568158565807727
1996-03-29,2.1057347737676544
1996-04-05,2.0345281445197645
1996-04-12,2.139118831256153
1996-04-19,2.0625837788197154
1996-04-26,2.0309889604547666
1996-05-03,2.0116077412610522
1996-05-10,1.9397070598539616
1996-05-17,1.8865171675939068
1996-05-24,1.8617905045067134
1996-05-31,1.7981384714153061
1996-06-07,1.8079029201764811
1996-06-14,1.8937776715913657
1996-06-21,1.8578824031122885
1996-06-28,1.8260786131149178
1996-07-05,1.8370831938980632
1996-07-12,1.912671756449814
1996-07-19,1.9112141067016224
1996-07-26,1.8625553280464153
1996-08-02,1.855382232320859
1996-08-09,1.7696026284656816
1996-08-16,1.7166578003150845
1996-08-23,1.668001596548892
1996-08-30,1.6905296974058195
1996-09-06,1.7106850756106637
1996-09-13,1.73667485489201
1996-09-20,1.719363697107041
1996-09-27,1.773966471754823
1996-10-04,1.7389069694972776
1996-10-11,1.7146970505939678
1996-10-18,1.6398312244581748
1996-10-25,1.641163814637601
1996-11-01,1.639542419456001
1996-11-08,1.5315994127334278
1996-11-15,1.5140084111969379
1996-11-22,1.5901610296989315
1996-11-29,1.7214737557008997
1996-12-06,1.801326889606591
1996-12-13,1.8944167832611596
1996-12-20,1.9169902182489849
1996-12-27,1.9905300371123005
1997-01-03,1.9969582895558702
1997-01-10,2.0214023015489273
1997-01-17,1.995722090327944
1997-01-24,1.9706005175423673
1997-01-31,1.9244541314994366
1997-02-07,1.8969831183520354
1997-02-14,1.853870015696506
1997-02-21,1.8718410634780667
1997-02-28,1.8313689404480429
1997-03-07,1.8523109255517234
1997-03-14,1.8693637036522404
1997-03-21,1.9339901931018026
1997-03-28,1.9626928673547543
1997-04-04,2.0429772516139018
1997-04-11,2.0874439189371863
1997-04-18,2.171418820727423
1997-04-25,2.2351557155357176
1997-05-02,2.253917177586369
1997-05-09,2.3024208727050084
1997-05-16,2.30972573949266
1997-05-23,2.2723573742441467
1997-05-30,2.2964883659582735
1997-06-06,2.3162810955511213
1997-06-13,2.3012349925945355
1997-06-20,2.2852493188973377
1997-06-27,2.278653808993148
1997-07-04,2.219521845895532
1997-07-11,2.2157153830823315
1997-07-18,2.243860097125373
1997-07-25,2.194369401815928
1997-08-01,2.200439165164274
1997-08-08,2.2205725871263193
1997-08-15,2.328165389475015
1997-08-22,2.2782291170422773
1997-08-29,2.2499101358325566
1997-09-05,2.2695090651668215
1997-09-12,2.349233302385255
1997-09-19,2.4128575045300202
1997-09-26,2.458271752611202
1997-10-03,2.5295800408654876
1997-10-10,2.5288605061429954
1997-10-17,2.631795298904747
1997-10-24,2.7706607172642603
1997-10-31,3.1447008999569785
1997-11-07,3.2005607321384195
1997-11-14,3.2333787820640727
1997-11-21,3.157302279747149
1997-11-28,3.1479057878413808
1997-12-05,3.013722381659996
1997-12-12,3.130630243827412
1997-12-19,3.0773961096407416
1997-12-26,2.98549066396317
1998-01-02,2.8441943224733435
1998-01-09,2.9947935697172094
1998-01-16,2.7655746217536517
1998-01-23,2.6849784694882217
1998-01-30,2.6175669932558807
1998-02-06,2.531472565113657
1998-02-13,2.498079686263637
1998-02-20,2.410409997925078
1998-02-27,2.3696516311765308
1998-03-06,2.36125242419453
1998-03-13,2.408204403252085
1998-03-20,2.434317592196375
1998-03-27,2.514959690910844
1998-04-03,2.576184954124962
1998-04-10,2.5718326000231566
1998-04-17,2.571453820635827
1998-04-24,2.604367844596964
1998-05-01,2.562700542427442
1998-05-08,2.593619335752413
1998-05-15,2.618078940989257
1998-05-22,2.6112823194852326
1998-05-29,2.6982139872534745
1998-06-05,2.669292319572809
1998-06-12,2.7916463196147108
1998-06-19,2.7895742061700886
1998-06-26,2.7608381916383364
1998-07-03,2.728349875393538
1998-07-10,2.7515769971945754
1998-07-17,2.7384867504351744
1998-07-24,2.959978434861606
1998-07-31,3.0979469255493917
1998-08-07,3.3028797648538477
1998-08-14,3.611204099722568
1998-08-21,3.8957173191673133
1998-08-28,4.481889408875065
1998-09-04,4.810954212924278
1998-09-11,5.244201396528413
1998-09-18,5.5835538809116105
1998-09-25,5.875402531494398
1998-10-02,6.235487765002519
1998-10-09,6.353464386569363
1998-10-16,6.513262771149205
1998-10-23,6.349072223779784
1998-10-30,6.21975833000268
1998-11-06,5.9733939833519205
1998-11-13,5.879554895567509
1998-11-20,5.594014349819243
1998-11-27,5.457436725301193
1998-12-04,5.554401843871904
1998-12-11,5.5011473994352835
1998-12-18,5.421526336117897
1998-12-25,5.15491923026303
1999-01-01,5.198520524593161
1999-01-08,5.051893119099893
1999-01-15,5.16192309219559
1999-01-22,5.104186339004614
1999-01-29,4.909407219488057
1999-02-05,4.783635008959612
1999-02-12,4.570871936873966
1999-02-19,4.500056589752694
1999-02-26,4.304564590798157
1999-03-05,4.173148305670524
1999-03-12,4.199422910992941
1999-03-19,4.136800149160651
1999-03-26,4.096073932102316
1999-04-02,4.029731265952204
1999-04-09,4.018905469521334
1999-04-16,3.970466784552227
1999-04-23,3.9286311642953127
1999-04-30,3.920154965773511
1999-05-07,3.8821721245676173
1999-05-14,3.8808227385550738
1999-05-21,3.9762713034985793
1999-05-28,4.003792724227664
1999-06-04,3.9876551138562206
1999-06-11,4.0621828005702
1999-06-18,4.123709062028969
1999-06-25,4.213986122251146
1999-07-02,4.25486505111768
1999-07-09,4.321904477804493
1999-07-16,4.477827797378353
1999-07-23,4.7171044848643895
1999-07-30,4.856040836626345
1999-08-06,4.9816348746469545
1999-08-13,5.046679722802354
1999-08-20,5.091108853409477
1999-08-27,5.128923827546901
1999-09-03,5.196501737201557
1999-09-10,5.266310972210909
1999-09-17,5.3560976400610985
1999-09-24,5.592388251430155
1999-10-01,5.465526689311109
1999-10-08,5.413119655512698
1999-10-15,5.583924608460929
1999-10-22,5.372652487404384
1999-10-29,5.341016036163658
1999-11-05,5.245937510251266
1999-11-12,5.045274400932617
1999-11-19,4.8378597554844545
1999-11-26,4.856361278862888
1999-12-03,4.746071584548288
1999-12-10,4.784970263233895
1999-12-17,4.769959928563077
1999-12-24,4.722932464958522
1999-12-31,4.639422597130148
2000-01-07,4.522211681935559
2000-01-14,4.453384618861442
2000-01-21,4.3462752604832415
2000-01-28,4.381317378082864
2000-02-04,4.293918839983481
2000-02-11,4.46461759743889
2000-02-18,4.602798408865577
2000-02-25,4.793679034361275
2000-03-03,4.704660981636483
2000-03-10,4.971886670032054
2000-03-17,5.151676709339
2000-03-24,5.2418626143915805
2000-03-31,5.495103181000614
2000-04-07,5.652629301884348
2000-04-14,5.954973325050259
2000-04-21,5.806325715433036
2000-04-28,5.815138947983098
2000-05-05,5.924322251680435
2000-05-12,6.105961413395894
2000-05-19,6.1850130843775295
2000-05-26,6.189210721210069
2000-06-02,6.163937275872069
2000-06-09,6.044247943989613
2000-06-16,6.016140622210341
2000-06-23,5.971312776615415
2000-06-30,5.887164547774486
2000-07-07,5.746783553755675
2000-07-14,5.502882800114771
2000-07-21,5.385285758020402
2000-07-28,5.271810160734052
2000-08-04,5.168290038296275
2000-08-11,5.160993496615557
2000-08-18,5.054290568826692
2000-08-25,5.017300008405124
2000-09-01,5.043669140839038
2000-09-08,5.038539109098661
2000-09-15,5.11258317562944
2000-09-22,5.1338115956803785
2000-09-29,5.148977364330948
2000-10-06,5.212064360154676
2000-10-13,5.416384839605724
2000-10-20,5.403871342600302
2000-10-27,5.411349043045382
2000-11-03,5.35994525688151
2000-11-10,5.477080520329229
2000-11-17,5.569805582466885
2000-11-24,5.726015900413275
2000-12-01,5.864112769464395
2000-12-08,5.917306376494667
2000-12-15,6.034069886379408
2000-12-22,6.137387192361626
2000-12-29,6.019816645804598
2001-01-05,6.009556631188464
2001-01-12,5.627196209845996
2001-01-19,5.352872630646743
2001-01-26,5.149734285170085
2001-02-02,4.99977424507371
2001-02-09,5.056616434743377
2001-02-16,5.034783040937212
2001-02-23,5.165804496833337
2001-03-02,5.204621279126105
2001-03-09,5.170370020888476
2001-03-16,5.452703998476492
2001-03-23,5.486497023312046
2001-03-30,5.448164427766224
2001-04-06,5.461159843215437
2001-04-13,5.17789310586994
2001-04-20,5.015503630213942
2001-04-27,4.777765994279367
2001-05-04,4.624195294043908
2001-05-11,4.454096473372072
2001-05-18,4.279534185056889
2001-05-25,4.22535025290189
2001-06-01,4.173249669708876
2001-06-08,4.126169396445226
2001-06-15,4.205178152775142
2001-06-22,4.1594245236936205
2001-06-29,4.022709518854461
2001-07-06,4.067509226732427
2001-07-13,4.0302398691609955
2001-07-20,4.054219539583168
2001-07-27,4.007467445198351
2001-08-03,3.901469813818741
2001-08-10,4.0651356808546835
2001-08-17,4.273624754741446
2001-08-24,4.249013962944298
2001-08-31,4.475116828702637
2001-09-07,4.788807409856089
2001-09-14,5.259453630202919
2001-09-21,5.622009900969854
2001-09-28,5.442397574063295
2001-10-05,5.434439811057217
2001-10-12,5.342872434306257
2001-10-19,5.227647599548712
2001-10-26,5.098720052580462
2001-11-02,5.127219915282935
2001-11-09,4.973818216381025
2001-11-16,4.775680603782443
2001-11-23,4.704921011275586
2001-11-30,4.884495349017113
2001-12-07,4.817670211366204
2001-12-14,4.821249700348636
2001-12-21,4.7414959083194335
2001-12-28,4.662636536908192
2002-01-04,4.477401998906371
2002-01-11,4.46899560357552
2002-01-18,4.354945816950141
2002-01-25,4.1896005418046
2002-02-01,4.166788061178574
2002-02-08,4.305809658730421
2002-02-15,4.229349913690532
2002-02-22,4.2336208231897094
2002-03-01,4.174655797565457
2002-03-08,4.011405254847435
2002-03-15,4.010191117099621
2002-03-22,3.9475341854384984
2002-03-29,3.928560570599269
2002-04-05,3.942502940376696
2002-04-12,3.8715382247136225
2002-04-19,3.7017159377193507
2002-04-26,3.700841929993637
2002-05-03,3.615570692281947
2002-05-10,3.6198599834022267
2002-05-17,3.483281796470216
2002-05-24,3.517895816080817
2002-05-31,3.5844851024589754
2002-06-07,3.6963832239663335
2002-06-14,3.8777909896853924
2002-06-21,4.035332793006158
2002-06-28,4.197005025179596
2002-07-05,4.3665756548020696
2002-07-12,4.643839437069097
2002-07-19,4.815653538949638
2002-07-26,4.953242642900171
2002-08-02,5.081886976770376
2002-08-09,5.085358979796852
2002-08-16,5.0001544878780155
2002-08-23,5.005161214389021
2002-08-30,5.1272820024412695
2002-09-06,5.305491087828504
2002-09-13,5.361867219725789
2002-09-20,5.564570046612038
2002-09-27,5.672493884527734
2002-10-04,5.763093648670559
2002-10-11,5.7807927753519035
2002-10-18,5.59900279230442
2002-10-25,5.498933109121624
2002-11-01,5.391233022353509
2002-11-08,5.2263872113715015
2002-11-15,5.016570290158916
2002-11-22,4.820868486861671
2002-11-29,4.816258093591902
2002-12-06,4.861191709007153
2002-12-13,4.833236165836173
2002-12-20,4.7935204168006305
2002-12-27,4.867113624344088
2003-01-03,4.659345650062658
2003-01-10,4.526610163139176
2003-01-17,4.477851935650355
2003-01-24,4.5494634342706926
2003-01-31,4.368559082880797
2003-02-07,4.343215330361247
2003-02-14,4.3554423376458145
2003-02-21,4.315884468833851
2003-02-28,4.332120066668364
2003-03-07,4.362578733834436
2003-03-14,4.282115450221946
2003-03-21,3.9870159951239175
2003-03-28,3.905276773070852
2003-04-04,3.804271586385524
2003-04-11,3.5648880413687887
2003-04-18,3.345173930877773
2003-04-25,3.203060417191276
2003-05-02,3.050910551830705
2003-05-09,3.055203137018816
2003-05-16,3.0353266731645268
2003-05-23,3.0218409040739886
2003-05-30,3.0667470189509682
2003-06-06,3.0941298695434174
2003-06-13,3.129871518188041
2003-06-20,3.077361056075622
2003-06-27,3.013101419472061
2003-07-04,2.9361952037065686
2003-07-11,2.920531988991555
2003-07-18,2.836494425673834
2003-07-25,2.7950050007911047
2003-08-01,2.903295269799063
2003-08-08,3.0273803322834265
2003-08-15,2.9247792857324946
2003-08-22,2.915806455476932
2003-08-29,2.9144875589404333
2003-09-05,2.960035597249191
2003-09-12,2.9963501378193924
2003-09-19,2.9142122478964114
2003-09-26,3.0042327945582032
2003-10-03,2.894050277065123
2003-10-10,2.7969800313816755
2003-10-17,2.6570200771122967
2003-10-24,2.6706734017402303
2003-10-31,2.558381246018802
2003-11-07,2.5356179257788933
2003-11-14,2.578497888402725
2003-11-21,2.6461103403983444
2003-11-28,2.5382934251073865
2003-12-05,2.565973803266919
2003-12-12,2.5535534430524813
2003-12-19,2.5317583702085233
2003-12-26,2.5293710094029276
2004-01-02,2.4932853204790764
2004-01-09,2.392128961450203
2004-01-16,2.275846402267758
2004-01-23,2.2129441330149566
2004-01-30,2.1112018357427047
2004-02-06,2.0249310407675245
2004-02-13,2.0077295591103472
2004-02-20,1.9754304257346251
2004-02-27,1.9435115901034963
2004-03-05,1.9711665492397885
2004-03-12,2.1261679352873633
2004-03-19,2.154045542397627
2004-03-26,2.153660932421718
2004-04-02,2.0287472087583196
2004-04-09,2.0769857373639193
2004-04-16,2.071647163972682
2004-04-23,2.079073117007111
2004-04-30,2.2124299692647167
2004-05-07,2.233335028891107
2004-05-14,2.3460833176675076
2004-05-21,2.3915670759545797
2004-05-28,2.351661242272937
2004-06-04,2.4319041241759805
2004-06-11,2.3754963384891834
2004-06-18,2.378652236613701
2004-06-25,2.4181327362326845
2004-07-02,2.46185365958502
2004-07-09,2.4797491035614034
2004-07-16,2.440513700926756
2004-07-23,2.4712725942160154
2004-07-30,2.4066276542863396
2004-08-06,2.5988322639186014
2004-08-13,2.543236215537995
2004-08-20,2.4784472895630603
2004-08-27,2.4313699491886007
2004-09-03,2.38764269516188
2004-09-10,2.391779796838112
2004-09-17,2.3740652591375144
2004-09-24,2.377194745473465
2004-10-01,2.3057123394150936
2004-10-08,2.381408131147589
2004-10-15,2.3981952654745213
2004-10-22,2.3910933464267314
2004-10-29,2.377420258472267
2004-11-05,2.2341924365466883
2004-11-12,2.2009682678988733
2004-11-19,2.1715070507327985
2004-11-26,2.12404209934408
2004-12-03,2.13389427141322
2004-12-10,2.132581043319921
2004-12-17,2.102957875025047
2004-12-24,2.091784829662263
2004-12-31,2.1353732551504843
2005-01-07,2.1248472331044517
2005-01-14,2.057591241557012
2005-01-21,2.1070370288397218
2005-01-28,2.0175141713380103
2005-02-04,1.8764160569417832
2005-02-11,1.8321564645969994
2005-02-18,1.7931108912903384
2005-02-25,1.8177014803670142
2005-03-04,1.8221513040919102
2005-03-11,1.8186113452492672
2005-03-18,1.9815975888111361
2005-03-25,2.049177034515036
2005-04-01,2.1916689897163684
2005-04-08,2.1970762043869385
2005-04-15,2.5084427645707637
2005-04-22,2.4570558935966234
2005-04-29,2.5037965306193604
2005-05-06,2.5427054384571477
2005-05-13,2.6725487567364894
2005-05-20,2.602310605185002
2005-05-27,2.583138127551375
2005-06-03,2.523440987995736
2005-06-10,2.5080485504884544
2005-06-17,2.495482890836499
2005-06-24,2.5490623856894072
2005-07-01,2.4620807636691793
2005-07-08,2.454844097970774
2005-07-15,2.3484720022330285
2005-07-22,2.32978805410074
2005-07-29,2.295588659344052
2005-08-05,2.330756358464446
2005-08-12,2.3822288742839706
2005-08-19,2.4343394595679815
2005-08-26,2.449240684876124
2005-09-02,2.6087472798182256
2005-09-09,2.5772552659240078
2005-09-16,2.6078277033209503
2005-09-23,2.6761871578335987
2005-09-30,2.638766352453714
2005-10-07,2.7246476877980714
2005-10-14,2.75696909501925
2005-10-21,2.745826085230884
2005-10-28,2.651553495026987
2005-11-04,2.5930870585114993
2005-11-11,2.555275871132323
2005-11-18,2.5631800810275074
2005-11-25,2.6195069435144642
2005-12-02,2.6217365575862437
2005-12-09,2.681563462787083
2005-12-16,2.641905676512838
2005-12-23,2.6134999119268354
2005-12-30,2.6658728039879582
2006-01-06,2.613802235629551
2006-01-13,2.560081290942038
2006-01-20,2.6116813776604832
2006-01-27,2.452713514680198
2006-02-03,2.384177393858675
2006-02-10,2.332286028664057
2006-02-17,2.268721167630382
2006-02-24,2.1805489396107958
2006-03-03,2.218924347909182
2006-03-10,2.215182212423838
2006-03-17,2.2543954967071724
2006-03-24,2.231070961585031
2006-03-31,2.238726535570604
2006-04-07,2.290578695073135
2006-04-14,2.295004441176977
2006-04-21,2.2858362679464244
2006-04-28,2.2737654141048425
2006-05-05,2.2376379573215535
2006-05-12,2.3756768518317144
2006-05-19,2.519722245786352
2006-05-26,2.52439608963406
2006-06-02,2.5891602024307843
2006-06-09,2.7345111588787963
2006-06-16,2.777166262968245
2006-06-23,2.8015041610222697
2006-06-30,2.723651076056307
2006-07-07,2.741783067197629
2006-07-14,2.8441144067555424
2006-07-21,2.7842154541573465
2006-07-28,2.6254792824959368
2006-08-04,2.579754504301603
2006-08-11,2.5456486289531175
2006-08-18,2.408721482215094
2006-08-25,2.425439679615797
2006-09-01,2.3917160355258194
2006-09-08,2.4219114459391147
2006-09-15,2.3552781174883997
2006-09-22,2.412987587199206
2006-09-29,2.388369106518595
2006-10-06,2.3644256224425444
2006-10-13,2.2994490496789197
2006-10-20,2.242290959318038
2006-10-27,2.187576717502039
2006-11-03,2.1316693817677805
2006-11-10,2.130566170010455
2006-11-17,2.1022731285821044
2006-11-24,2.1423023711195213
2006-12-01,2.23662507071145
2006-12-08,2.247078654659637
2006-12-15,2.193983008962301
2006-12-22,2.2341157166868033
2006-12-29,2.1750585361378563
2007-01-05,2.1112225488795615
2007-01-12,1.9716276263733015
2007-01-19,1.910371220482189
2007-01-26,1.8842720250325757
2007-02-02,1.8306267496837658
2007-02-09,1.8571134964399878
2007-02-16,1.8602215834080646
2007-02-23,1.9237490888767663
2007-03-02,2.3138431822232324
2007-03-09,2.277255341799278
2007-03-16,2.4449542335230934
2007-03-23,2.4184583526686416
2007-03-30,2.4951634021722953
2007-04-06,2.4335499993281067
2007-04-13,2.4102144931788314
2007-04-20,2.4113421794826118
2007-04-27,2.4509234169520964
2007-05-04,2.4720456460965856
2007-05-11,2.5308957710773714
2007-05-18,2.53986610573952
2007-05-25,2.5853771871615177
2007-06-01,2.5824840865616525
2007-06-08,2.6735789225802122
2007-06-15,2.6446979897481184
2007-06-22,2.716662072453268
2007-06-29,2.7743469064539332
2007-07-06,2.8474107212120123
2007-07-13,3.06177652307678
2007-07-20,3.4351145023282035
2007-07-27,4.219480746024377
2007-08-03,4.7317195462690025
2007-08-10,5.336951627007175
2007-08-17,6.054013795859883
2007-08-24,6.281022578622449
2007-08-31,6.593783327105168
2007-09-07,6.75958544992673
2007-09-14,6.6477833840723655
2007-09-21,6.208927041409628
2007-09-28,5.868650008749267
2007-10-05,5.517404935552596
2007-10-12,5.296703866280363
2007-10-19,5.455143882199548
2007-10-26,5.533900575769648
2007-11-02,5.952662877727494
2007-11-09,6.600162123622809
2007-11-16,7.1231868638857705
2007-11-23,7.723407825275766
2007-11-30,8.181783782171392
2007-12-07,8.54751336548351
2007-12-14,8.662440372681253
2007-12-21,8.481192558524597
2007-12-28,8.360989413349229
2008-01-04,8.271108341426313
2008-01-11,8.21748821738381
2008-01-18,8.25049001836161
2008-01-25,8.382117104110915
2008-02-01,8.460912376599833
2008-02-08,8.896241959694104
2008-02-15,9.27605042058917
2008-02-22,9.689098562035294
2008-02-29,10.264565940535618
2008-03-07,10.838206327552395
2008-03-14,11.189319562684346
2008-03-21,11.238157136317616
2008-03-28,11.176620084067054
2008-04-04,10.823268596909339
2008-04-11,10.49520294267828
2008-04-18,9.961492912285731
2008-04-25,9.460751386806017
2008-05-02,8.943174999722725
2008-05-09,8.811724945405274
2008-05-16,8.588026711892091
2008-05-23,8.63493475591708
2008-05-30,8.645568322101523
2008-06-06,8.995245510292913
2008-06-13,9.076731316012548
2008-06-20,9.401953668631611
2008-06-27,9.722913694826559
2008-07-04,9.923850216772294
2008-07-11,10.065957769849406
2008-07-18,9.983825523971163
2008-07-25,9.838030946380465
2008-08-01,9.72644721190192
2008-08-08,9.635620014400414
2008-08-15,9.68402433426996
2008-08-22,9.920030318945065
2008-08-29,10.465879172020173
2008-09-05,11.335573413048063
2008-09-12,12.4255143194227
2008-09-19,14.080567652765737
2008-09-26,15.468038012045744
2008-10-03,17.23619394778368
2008-10-10,18.979165065762597
2008-10-17,20.36741163937102
2008-10-24,21.136061725453125
2008-10-31,21.568767148142143
2008-11-07,21.892988269642906
2008-11-14,22.41487933885516
2008-11-21,23.067218906400452
2008-11-28,23.265264653080912
2008-12-05,23.23227181744806
2008-12-12,22.91240562600772
2008-12-19,22.162387368885426
2008-12-26,21.40233827072372
2009-01-02,20.518497516333156
2009-01-09,19.869682930174182
2009-01-16,19.196120419204583
2009-01-23,18.86899927097962
2009-01-30,18.364148628553416
2009-02-06,18.002308552760383
2009-02-13,18.096493090698818
2009-02-20,18.23763131739499
2009-02-27,18.25913002581963
2009-03-06,18.41325021653789
2009-03-13,18.3594764024143
2009-03-20,18.32341121271901
2009-03-27,17.69030595541912
2009-04-03,17.084185416494826
2009-04-10,16.360149119710865
2009-04-17,15.53721342061886
2009-04-24,14.786056069163095
2009-05-01,13.956192606388548
2009-05-08,13.222061369939262
2009-05-15,12.780402541718331
2009-05-22,12.233949094163625
2009-05-29,11.608260703680557
2009-06-05,11.111771120562755
2009-06-12,10.79254149719245
2009-06-19,10.441892571331074
2009-06-26,10.338073422456521
2009-07-03,10.148694169495654
2009-07-10,9.984384498413586
2009-07-17,9.483432877199622
2009-07-24,9.014335651179357
2009-07-31,8.49450114454613
2009-08-07,7.983953205286741
2009-08-14,7.9001139971830465
2009-08-21,7.7662088652144075
2009-08-28,7.5016621825682845
2009-09-04,7.408254557177464
2009-09-11,7.215820384703743
2009-09-18,6.960956840461922
2009-09-25,6.845421667080015
2009-10-02,6.877456040504738
2009-10-09,6.721167168549051
2009-10-16,6.588263526750929
2009-10-23,6.429905426845245
2009-10-30,6.579424060968032
2009-11-06,6.442494571769863
2009-11-13,6.433996997246116
2009-11-20,6.350123174506551
2009-11-27,6.3660626306760895
2009-12-04,6.121841136022802
2009-12-11,5.945988110227242
2009-12-18,5.69266132396408
2009-12-25,5.445756146179124
2010-01-01,5.282876264328697
2010-01-08,5.077721897329506
2010-01-15,5.019203740082073
2010-01-22,5.237215311186941
2010-01-29,5.247350329661527
2010-02-05,5.331806720476705
2010-02-12,5.342924151864008
2010-02-19,5.155233658909535
2010-02-26,4.992863451373359
2010-03-05,4.762976063370134
2010-03-12,4.508300890482923
2010-03-19,4.235620413796877
2010-03-26,4.069590141832731
2010-04-02,3.8939263623937377
2010-04-09,3.799274094267809
2010-04-16,3.9055222626894737
2010-04-23,3.971687654871297
2010-04-30,4.3604793190615245
2010-05-07,5.103017827368918
2010-05-14,5.365357562806882
2010-05-21,5.940286852532046
2010-05-28,6.2084039246560465
2010-06-04,6.4401381116583725
2010-06-11,6.472811722527103
2010-06-18,6.335204208082574
2010-06-25,6.327092078333439
2010-07-02,6.148756560361395
2010-07-09,5.913873911255408
2010-07-16,5.723687142866797
2010-07-23,5.452946988652658
2010-07-30,5.311242610481157
2010-08-06,5.23773121497893
2010-08-13,5.385211038044839
2010-08-20,5.241039610433436
2010-08-27,5.261824345123355
2010-09-03,5.183152159638659
2010-09-10,5.107225588183253
2010-09-17,5.09876088148353
2010-09-24,5.011159060435185
2010-10-01,4.934581888425033
2010-10-08,4.912293290734931
2010-10-15,4.8260758145217695
2010-10-22,4.671412924210063
2010-10-29,4.6363586657540665
2010-11-05,4.637694214814866
2010-11-12,4.643122059027418
2010-11-19,4.469307211399667
2010-11-26,4.506083072317734
2010-12-03,4.355843326464411
2010-12-10,4.096544687809201
2010-12-17,3.941751871607743
2010-12-24,3.8395316327018736
2010-12-31,3.753687402043428
2011-01-07,3.6875697417972657
2011-01-14,3.5597233023968613
2011-01-21,3.504022908682422
2011-01-28,3.5000654574415417
2011-02-04,3.273718930015653
2011-02-11,3.2680517580314015
2011-02-18,3.3443134789067828
2011-02-25,3.492458901530824
2011-03-04,3.5476323996251304
2011-03-11,3.643880409996035
2011-03-18,3.7971529844283682
2011-03-25,3.5549219408333905
2011-04-01,3.498176494328642
2011-04-08,3.42885100867911
2011-04-15,3.3034321655993453
2011-04-22,3.25441266831292
2011-04-29,3.246573462034931
2011-05-06,3.3666916028464233
2011-05-13,3.4109588982000516
2011-05-20,3.4694422623064343
2011-05-27,3.5098815818059035
2011-06-03,3.688252437689255
2011-06-10,3.745279093761331
2011-06-17,3.9136438861507084
2011-06-24,3.9651426210220135
2011-07-01,3.761919443290844
2011-07-08,3.852123083105455
2011-07-15,4.097434027844958
2011-07-22,4.163961423155036
2011-07-29,4.549760445072026
2011-08-05,4.9294948001408105
2011-08-12,5.616591295765248
2011-08-19,5.951722647071273
2011-08-26,6.251286744751075
2011-09-02,6.365820863471994
2011-09-09,6.6467526764900855
2011-09-16,6.660691331910532
2011-09-23,6.817186988085603
2011-09-30,6.811595545771135
2011-10-07,6.709761995797729
2011-10-14,6.458923989348378
2011-10-21,6.356045812732218
2011-10-28,6.031981717562061
2011-11-04,6.166350375392378
2011-11-11,6.2644928786193805
2011-11-18,6.348650310891219
2011-11-25,6.466930527570369
2011-12-02,6.43591256233445
2011-12-09,6.425863738405454
2011-12-16,6.312314661810168
2011-12-23,6.191189301055465
2011-12-30,6.044461157479949
2012-01-06,5.808749214387645
2012-01-13,5.581415519767753
2012-01-20,5.3197666151968175
2012-01-27,5.174694210789632
2012-02-03,4.976461453312575
2012-02-10,4.87073299078501
2012-02-17,4.735319410999775
2012-02-24,4.627774212458185
2012-03-02,4.552171524660306
2012-03-09,4.52895309915744
2012-03-16,4.36985229459791
2012-03-23,4.335929116765653
2012-03-30,4.414276377742251
2012-04-06,4.531681903439511
2012-04-13,4.6711114937774205
2012-04-20,4.709481601966095
2012-04-27,4.794251583468879
2012-05-04,4.976345002846658
2012-05-11,5.161218750098628
2012-05-18,5.446732688761394
2012-05-25,5.59130099276462
2012-06-01,5.793251449410198
2012-06-08,5.758129792576358
2012-06-15,5.711750500296059
2012-06-22,5.530934172237853
2012-06-29,5.447217197976641
2012-07-06,5.361142951466244
2012-07-13,5.210303915131037
2012-07-20,5.039492264027935
2012-07-27,4.93840519892625
2012-08-03,4.791666705780411
2012-08-10,4.656492896258225
2012-08-17,4.550870790098852
2012-08-24,4.484680982984347
2012-08-31,4.465008545422859
2012-09-07,4.2965669760807295
2012-09-14,4.167480133725
2012-09-21,4.003583832977846
2012-09-28,4.001319206766361
2012-10-05,3.8372640502416036
2012-10-12,3.743038805726503
2012-10-19,3.628077780544751
2012-10-26,3.688143058506046
2012-11-02,3.6961418249539113
2012-11-09,3.7706208765223286
2012-11-16,3.7923986385508424
2012-11-23,3.733229422311798
2012-11-30,3.7764426129885047
2012-12-07,3.7496992864282213
2012-12-14,3.6760723634833394
2012-12-21,3.60293360639795
2012-12-28,3.6382804780060707
2013-01-04,3.340060867954127
2013-01-11,3.2589708172193643
2013-01-18,3.2072409920148033
2013-01-25,3.189450081206598
2013-02-01,3.1888023012790425
2013-02-08,3.2051040924818874
2013-02-15,3.1742663973916954
2013-02-22,3.2389023851601553
2013-03-01,3.2926412544515027
2013-03-08,3.1860363186335756
2013-03-15,3.137270487991563
2013-03-22,3.206423486386589
2013-03-29,3.212739311066312
2013-04-05,3.09445699929713
2013-04-12,2.991321656035944
2013-04-19,3.0207854916001193
2013-04-26,2.9281575518022236
2013-05-03,2.8728732051632058
2013-05-10,2.8420719268511188
2013-05-17,2.838024072287964
2013-05-24,2.879132315445685
2013-05-31,3.0472104538888103
2013-06-07,3.188179495889058
2013-06-14,3.3538601943164723
2013-06-21,3.4141150818590384
2013-06-28,3.365276168405793
2013-07-05,3.263784497903864
2013-07-12,3.2026364198636252
2013-07-19,3.083048604221432
2013-07-26,2.975068970569025
2013-08-02,2.9232864093826763
2013-08-09,3.0021056602516176
2013-08-16,3.0004999431141792
2013-08-23,2.9772855776687845
2013-08-30,2.980943956531847
2013-09-06,2.986931737211405
2013-09-13,2.974900553451962
2013-09-20,2.9555958765075947
2013-09-27,3.033172482259272
2013-10-04,3.050431660602922
2013-10-11,2.898186138510889
2013-10-18,2.7468716062133867
2013-10-25,2.6853579160997354
2013-11-01,2.620083305410839
2013-11-08,2.6014162850342712
2013-11-15,2.55098058490958
2013-11-22,2.479126971658384
2013-11-29,2.462963685986919
2013-12-06,2.4265174344017115
2013-12-13,2.398858476023509
2013-12-20,2.2334314542961122
2013-12-27,2.179323753254924
2014-01-03,2.207445863638872
2014-01-10,2.1486685296752563
2014-01-17,2.1851014059821128
2014-01-24,2.372942200440248
2014-01-31,2.4350803158668444
2014-02-07,2.372425959110218
2014-02-14,2.2764681776974824
2014-02-21,2.285788257281613
2014-02-28,2.2229770522659886
2014-03-07,2.20410494781087
2014-03-14,2.349815763622967
2014-03-21,2.211820920618642
2014-03-28,2.149385730981958
2014-04-04,2.145545719994688
2014-04-11,2.222508739290893
2014-04-18,2.0735230302263616
2014-04-25,2.0686212826790884
2014-05-02,2.038085720104158
2014-05-09,2.08458281262065
2014-05-16,2.042703475739215
2014-05-23,2.013007455029959
2014-05-30,1.9703474057182127
2014-06-06,1.9408312722993704
2014-06-13,1.9535482935166621
2014-06-20,1.933264615797596
2014-06-27,1.9798184391100948
2014-07-04,1.9980871947341834
2014-07-11,2.102883057678063
2014-07-18,2.1562665132689682
2014-07-25,2.2134063457578974
2014-08-01,2.407195077996119
2014-08-08,2.432699416021282
2014-08-15,2.3761725668894993
2014-08-22,2.2997346992920726
2014-08-29,2.3007782068049996
2014-09-05,2.3826761656613726
2014-09-12,2.4541051357844266
2014-09-19,2.474879262013466
2014-09-26,2.6425914920806246
2014-10-03,2.723454978194888
2014-10-10,2.9859110009982373
2014-10-17,3.1042267522359928
2014-10-24,2.965179812362833
2014-10-31,2.8525565480214743
2014-11-07,2.827978158748936
2014-11-14,2.853919251928321
2014-11-21,2.8497756998826262
2014-11-28,2.92017182260249
2014-12-05,2.895927696968885
2014-12-12,3.301099999898462
2014-12-19,3.288192551103922
2014-12-26,3.2840385654854054
2015-01-02,3.4744839344184553
2015-01-09,3.5886820281656844
2015-01-16,3.7831617853215396
2015-01-23,3.709345378707283
2015-01-30,3.829074609413634
2015-02-06,3.695250787313253
2015-02-13,3.6067290201360467
2015-02-20,3.5216589212651668
2015-02-27,3.427870117530318
2015-03-06,3.449682997180856
2015-03-13,3.473999381992397
2015-03-20,3.406622872661742
2015-03-27,3.478393242745515
2015-04-03,3.5011299391697146
2015-04-10,3.387233288517315
2015-04-17,3.422848235687293
2015-04-24,3.38985864077507
2015-05-01,3.4412853603249793
2015-05-08,3.4804684781839326
2015-05-15,3.5247597069488155
2015-05-22,3.52904930322736
2015-05-29,3.5699091869239834
2015-06-05,3.5550097637400655
2015-06-12,3.5555978165809985
2015-06-19,3.676705403614255
2015-06-26,3.6834278254263397
2015-07-03,3.8216119743842984
2015-07-10,3.8792110581254997
2015-07-17,3.7374650473268205
2015-07-24,3.83904015303021
2015-07-31,3.9154966925481887
2015-08-07,4.011352563174075
2015-08-14,4.144319199569328
2015-08-21,4.670787044789524
2015-08-28,4.756793232524718
2015-09-04,4.858740918708176
2015-09-11,4.778397940107806
2015-09-18,4.7961232028813825
2015-09-25,4.8268622622350055
2015-10-02,4.860964262918664
2015-10-09,4.64265117530281
2015-10-16,4.5408948214958365
2015-10-23,4.423498326396828
2015-10-30,4.365579216073018
2015-11-06,4.310112737727552
2015-11-13,4.490349276952326
2015-11-20,4.425257880321579
2015-11-27,4.496109735116715
2015-12-04,4.509104563631772
2015-12-11,4.886999722063742
2015-12-18,4.9281921584453565
2015-12-25,4.881758024907992
2016-01-01,5.025898281566127
2016-01-08,5.325861297161091
2016-01-15,5.444267435782635
2016-01-22,5.446395462614467
2016-01-29,5.48831447425467
2016-02-05,5.59515083453913
2016-02-12,5.696937619020163
2016-02-19,5.540579897574956
2016-02-26,5.467562227554004
2016-03-04,5.223824845119767
2016-03-11,4.998032051624622
2016-03-18,4.792250668669667
2016-03-25,4.678182288085309
2016-04-01,4.632992507457285
2016-04-08,4.6583516753368475
2016-04-15,4.527920842552793
2016-04-22,4.42155774864426
2016-04-29,4.465604557601363
2016-05-06,4.4570382161447695
2016-05-13,4.500341769403801
2016-05-20,4.484028488384305
2016-05-27,4.438424463401132
2016-06-03,4.4846423676387355
2016-06-10,4.611150927190374
2016-06-17,4.725750364151973
2016-06-24,4.939655028496306
2016-07-01,4.625560644596128
2016-07-08,4.507316582486258
2016-07-15,4.370363688570443
2016-07-22,4.331016250650699
2016-07-29,4.34604848573745
2016-08-05,4.33737802981167
2016-08-12,4.325971291723079
2016-08-19,4.293436361442174
2016-08-26,4.356934412962974
2016-09-02,4.335613580823825
2016-09-09,4.550232559459138
2016-09-16,4.5498013729433335
2016-09-23,4.442655556903966
2016-09-30,4.469351456599773
2016-10-07,4.387895165298044
2016-10-14,4.419789667040606
2016-10-21,4.267991572076625
2016-10-28,4.287850972099901
2016-11-04,4.426967176587351
2016-11-11,4.112255477116148
2016-11-18,3.9503735959081254
2016-11-25,3.8458048718897997
2016-12-02,3.808666970367741
2016-12-09,3.702240262046814
2016-12-16,3.5580069379492647
2016-12-23,3.479345707783305
2016-12-30,3.5608443030217796
2017-01-06,3.4124923355930057
2017-01-13,3.3782086295149782
2017-01-20,3.349657881063783
2017-01-27,3.279407726237038
2017-02-03,3.327699920052454
2017-02-10,3.3102125581192614
2017-02-17,3.316367496262748
2017-02-24,3.3417273395242195
2017-03-03,3.272618896780249
2017-03-10,3.328263066974163
2017-03-17,3.3579660276613637
2017-03-24,3.4232036326615867
2017-03-31,3.412380581400042
2017-04-07,3.414914935233832
2017-04-14,3.5091504988337405
2017-04-21,3.4509073934787953
2017-04-28,3.270650203074242
2017-05-05,3.182024672880625
2017-05-12,3.13894074834278
2017-05-19,3.166231345931605
2017-05-26,3.0256774506251007
2017-06-02,2.9916609771499374
2017-06-09,2.9767045205778904
2017-06-16,2.9293331093434065
2017-06-23,2.8674112841394113
2017-06-30,2.8425890004840126
2017-07-07,2.820909293685882
2017-07-14,2.750040067309095
2017-07-21,2.7004794271235637
2017-07-28,2.7388438000973507
2017-08-04,2.741992740883749
2017-08-11,3.0052576526980683
2017-08-18,2.993749767431793
2017-08-25,2.9168253568536904
2017-09-01,2.907869503809825
2017-09-08,3.0020691011874288
2017-09-15,2.8578156543771764
2017-09-22,2.7733746295148762
2017-09-29,2.7003138712449437
2017-10-06,2.657644391669716
2017-10-13,2.615902176867103
2017-10-20,2.5736802359018385
2017-10-27,2.5356641088970315
2017-11-03,2.472352316803684
2017-11-10,2.5614537173102305
2017-11-17,2.561940411084669
2017-11-24,2.464130339584132
2017-12-01,2.5017623446297548
2017-12-08,2.425749737421198
2017-12-15,2.3457177791556343
2017-12-22,2.339299715087026
2017-12-29,2.3528706276416598
2018-01-05,2.253363851854803
2018-01-12,2.224457157140154
2018-01-19,2.2548598311224484
2018-01-26,2.2498974967795577
2018-02-02,2.476591800790903
2018-02-09,2.8442478664887476
2018-02-16,2.740882943157277
2018-02-23,2.758436922738577
2018-03-02,2.9298848064261063
2018-03-09,2.9131242190953546
2018-03-16,3.006108093422293
2018-03-23,3.294098143162037
2018-03-30,3.1926771497135302
2018-04-06,3.2003446311120873
2018-04-13,3.027388842468731
2018-04-20,2.9387718793337148
2018-04-27,2.860368582474463
2018-05-04,2.8403035820107867
2018-05-11,2.7028992435243984
2018-05-18,2.712835589003498
2018-05-25,2.72381074573893
2018-06-01,2.796260805575107
2018-06-08,2.7828177908065155
2018-06-15,2.782059694365203
2018-06-22,2.9462615575611464
2018-06-29,3.044396575471142
2018-07-06,2.9348035731920556
2018-07-13,2.8233586944247357
2018-07-20,2.8178526175276075
2018-07-27,2.7229332834848803
2018-08-03,2.6367057645409018
2018-08-10,2.671456598698717
2018-08-17,2.640653388905916
2018-08-24,2.600773040759682
2018-08-31,2.628180807076638
2018-09-07,2.686787628658737
2018-09-14,2.5548781662770526
2018-09-21,2.512448796402989
2018-09-28,2.5539715696772083
2018-10-05,2.675485050576906
2018-10-12,2.893209871495806
2018-10-19,2.948944099537586
2018-10-26,3.1760539308094793
2018-11-02,3.1570451370589816
2018-11-09,3.1432136941140683
2018-11-16,3.379027003293932
2018-11-23,3.5854625903909976
2018-11-30,3.677037215349277
2018-12-07,3.898468309675619
2018-12-14,3.876956402516493
2018-12-21,4.089116386508657
2018-12-28,4.161932816300568
2019-01-04,3.9977659700089925
2019-01-11,3.8166493848837515
2019-01-18,3.670154458695854
2019-01-25,3.5191930774857334
2019-02-01,3.3545907324122184
2019-02-08,3.245293134475574
2019-02-15,3.1257299233708453
2019-02-22,3.0016527252791394
2019-03-01,2.937322010823879
2019-03-08,3.025417991706439
2019-03-15,2.926814945970873
2019-03-22,3.025673738023797
2019-03-29,2.9035188543425203
2019-04-05,2.8242049301132965
2019-04-12,2.7245612108887074
2019-04-19,2.6926564276624676
2019-04-26,2.726580057245527
2019-05-03,2.7274670785681936
2019-05-10,2.9249275345410184
2019-05-17,2.9930515490869154
2019-05-24,3.085984042474018
2019-05-31,3.2403739846234116
2019-06-07,3.2496910878672147
2019-06-14,3.2325290602775736
2019-06-21,3.176000110826287
2019-06-28,3.1243741575219377
2019-07-05,3.012235749840214
2019-07-12,2.9666039930919976
2019-07-19,3.0419273406362284
2019-07-26,2.874695435264118
2019-08-02,3.1033495485165377
2019-08-09,3.1992316704653567
2019-08-16,3.289985506435592
2019-08-23,3.373149610088833
2019-08-30,3.391107744909824
2019-09-06,3.3273290590921167
2019-09-13,3.271676863802
2019-09-20,3.316721916026055
2019-09-27,3.364071205382096
2019-10-04,3.427078941537867
2019-10-11,3.2950675314019096
2019-10-18,3.1918418338166785
2019-10-25,3.037902226973621
2019-11-01,2.9769888122647874
2019-11-08,2.8816577110788946
2019-11-15,2.875519673413692
2019-11-22,2.8981837893208033
2019-11-29,2.878624416867987
2019-12-06,2.941520882864351
2019-12-13,2.9043534931950115
2019-12-20,2.867336334842928
2019-12-27,2.8735533733101684
2020-01-03,2.8579912206448657
2020-01-10,2.723363590830491
2020-01-17,2.6006242653021165
2020-01-24,2.612514710065744
2020-01-31,2.853815998847749
2020-02-07,2.8228919702376527
2020-02-14,3.0348347753858227
2020-02-21,3.6178288593654564
2020-02-28,4.837031392409102
2020-03-06,5.725310611504031
2020-03-13,7.2382855510049655
2020-03-20,8.742832947757673
2020-03-27,8.94096902700352
2020-04-03,8.92457848502379
2020-04-10,8.554625348395684
2020-04-17,7.981174448987284
2020-04-24,7.58848270268663
2020-05-01,7.160996506203143
2020-05-08,6.702142296599357
2020-05-15,6.383820698174942
2020-05-22,5.776931655941808
2020-05-29,5.398405796540931
2020-06-05,4.956977867202251
2020-06-12,5.021024970651902
2020-06-19,4.876778135701071
2020-06-26,4.833814566813004
2020-07-03,4.622704927532852
2020-07-10,4.420505616766303
2020-07-17,4.263627758372676
2020-07-24,4.095275303436285
2020-07-31,4.009021676378789
2020-08-07,3.8857971957767488
2020-08-14,3.867431701806022
2020-08-21,3.8748903395662384
2020-08-28,3.933055492318445
2020-09-04,4.034794829638934
2020-09-11,4.011219728036904
2020-09-18,3.987666593374264
2020-09-25,4.086947746570125
2020-10-02,4.136267501663699
2020-10-09,4.0190035557347965
2020-10-16,4.021682809954463
2020-10-23,3.9626062039559824
2020-10-30,4.0610473646348435
2020-11-06,3.740637696491662
2020-11-13,3.579129844128056
2020-11-20,3.4406888006157583
2020-11-27,3.295453029685738
2020-12-04,3.163672174040458
2020-12-11,3.164962716023124
2020-12-18,3.106035164845228
2020-12-25,3.069727995891304
2021-01-01,3.0268870832605455
2021-01-08,2.991133829835331
2021-01-15,2.9800744927978013
2021-01-22,2.9324921432983886
2021-01-29,3.1250525317204554
2021-02-05,2.937900465377188
2021-02-12,2.9195665788894476
2021-02-19,2.9080444895417275
2021-02-26,2.9780060181641654
2021-03-05,2.917796168186644
2021-03-12,2.875352267871622
2021-03-19,2.7766292142424613
2021-03-26,2.698510343210315
2021-04-02,2.538904197508249
2021-04-09,2.4705716862623657
2021-04-16,2.436747766546149
2021-04-23,2.4528369185260646
2021-04-30,2.4335898668404967
2021-05-07,2.375495317587243
2021-05-14,2.4660844505450124
2021-05-21,2.4633847053089784
2021-05-28,2.3627148916067657
2021-06-04,2.3413817487455817
2021-06-11,2.317906394754548
2021-06-18,2.3423450097736755
2021-06-25,2.2889639696155086
2021-07-02,2.271384585318718
2021-07-09,2.3658122341680747
2021-07-16,2.4675719679707613
2021-07-23,2.4661865911781162
2021-07-30,2.5340466606395355
2021-08-06,2.4942496331964557
2021-08-13,2.52393002329803
2021-08-20,2.5901593521768063
2021-08-27,2.5011857549290877
2021-09-03,2.488646947638401
2021-09-10,2.55297327401013
2021-09-17,2.4986078547592965
2021-09-24,2.40410461162074
2021-10-01,2.5132185994316623
2021-10-08,2.465350814643361
2021-10-15,2.36700965938618
2021-10-22,2.355727719632627
2021-10-29,2.4144265139833996
2021-11-05,2.535063913938552
2021-11-12,2.581841214041971
2021-11-19,2.7354326615962106
2021-11-26,3.0741003735911194
2021-12-03,3.1431396597199552
2021-12-10,2.9686109240820695
2021-12-17,3.0472521977284344
2021-12-24,2.9330142030345345
2021-12-31,2.871409152306461
2022-01-07,2.8193750476602113
2022-01-14,2.8370814288942476
2022-01-21,3.0718756694539233
2022-01-28,3.1775768311291146
2022-02-04,3.200827447860572
2022-02-11,3.448113669189393
2022-02-18,3.69984837365127
2022-02-25,3.8878354309076055
2022-03-04,4.163068886343492
2022-03-11,4.275892659638458
2022-03-18,4.048282866473857
2022-03-25,3.8662419832417423
2022-04-01,3.7236870079746094
2022-04-08,3.7420127292390704
2022-04-15,3.929919049755297
2022-04-22,4.088559801552973
2022-04-29,4.301277288411478
2022-05-06,4.371044091897345
2022-05-13,4.566446325966166
2022-05-20,4.762151282961645
2022-05-27,4.721397885826539
2022-06-03,4.665108150660137
2022-06-10,4.776258389204351
2022-06-17,5.007669866381358
2022-06-24,5.0977814057944375
2022-07-01,5.287411390194139
2022-07-08,5.147569673701993
2022-07-15,5.073686717943618
2022-07-22,4.950472632352508
2022-07-29,4.906559574261057
2022-08-05,4.78487114271624
2022-08-12,4.699504893854561
2022-08-19,4.713059992905663
2022-08-26,4.807823427916682
2022-09-02,4.943631116972055
2022-09-09,4.977104607518399
2022-09-16,5.144190358844774
2022-09-23,5.232278364065223
2022-09-30,5.468168445452535
2022-10-07,5.436659196682838
2022-10-14,5.534399548229227
2022-10-21,5.522477070900621
2022-10-28,5.346078029567517
2022-11-04,5.181947825982403
2022-11-11,5.189810234278303
2022-11-18,4.945752528061908
2022-11-25,4.8013086130018525
2022-12-02,4.728208713579856
2022-12-09,4.672419942304659
2022-12-16,4.709875390982244
2022-12-23,4.649275101529393
2022-12-30,4.574899583413685
2023-01-06,4.533804775158586
2023-01-13,4.261722425124069
2023-01-20,4.224533978367749
2023-01-27,4.038873139532229
2023-02-03,3.9607428426559323
2023-02-10,4.041723156240407
2023-02-17,4.128711519487777
2023-02-24,4.2523198593120295
2023-03-03,4.2679908879753174
2023-03-10,4.676028083871044
2023-03-17,5.040304880158887
2023-03-24,5.086709759222963
2023-03-31,4.932856793028037
2023-04-07,4.912793179017399
2023-04-14,4.781687949505022
2023-04-21,4.707419695785095
2023-04-25,4.64
2023-04-26,4.63
2023-04-27,4.48
2023-04-28,4.5
2023-04-30,4.53
2023-05-01,4.45
2023-05-02,4.7
2023-05-03,4.79
2023-05-04,4.95
2023-05-05,4.77
2023-05-08,4.72
2023-05-09,4.74
2023-05-10,4.78
2023-05-11,4.81
2023-05-12,4.76
2023-05-15,4.77
2023-05-16,4.79
2023-05-17,4.75
2023-05-18,4.69
2023-05-19,4.62
2023-05-22,4.54
2023-05-23,4.6
2023-05-24,4.68
2023-05-25,4.58
2023-05-26,4.53
2023-05-29,4.54
2023-05-30,4.58
2023-05-31,4.69
2023-06-01,4.65
2023-06-02,4.37
2023-06-05,4.39
2023-06-06,4.39
2023-06-07,4.33
2023-06-08,4.39
2023-06-09,4.29
2023-06-12,4.34
2023-06-13,4.18
2023-06-14,4.18
2023-06-15,4.21
2023-06-16,4.15
2023-06-19,4.15
2023-06-20,4.22
2023-06-21,4.32
2023-06-22,4.3
2023-06-23,4.4
2023-06-26,4.45
2023-06-27,4.3
2023-06-28,4.27
2023-06-29,4.14
2023-06-30,4.05
2023-07-03,3.99
2023-07-04,3.99
2023-07-05,4.01
2023-07-06,4.1
2023-07-07,4.08
2023-07-10,4.13
2023-07-11,4.05
2023-07-12,3.95
2023-07-13,3.97
2023-07-14,3.9
2023-07-17,3.97
2023-07-18,3.9
2023-07-19,3.89
2023-07-20,3.9
2023-07-21,3.89
2023-07-24,3.82
2023-07-25,3.84
2023-07-26,3.91
2023-07-27,3.78
2023-07-28,3.82
2023-07-31,3.79
2023-08-01,3.82
2023-08-02,3.96
2023-08-03,3.98
2023-08-04,4.01
2023-08-07,3.97
2023-08-08,4.0
2023-08-09,3.94
2023-08-10,3.83
2023-08-11,3.83
2023-08-14,3.79
2023-08-15,3.85
2023-08-16,3.81
2023-08-17,3.95
2023-08-18,4.02
2023-08-21,3.97
2023-08-22,3.93
2023-08-23,3.92
2023-08-24,3.91
2023-08-25,3.9
2023-08-28,3.86
2023-08-29,3.87
2023-08-30,3.8
2023-08-31,3.85
2023-09-01,3.81
2023-09-04,3.81
2023-09-05,3.83
2023-09-06,3.86
2023-09-07,3.9
2023-09-08,3.85
2023-09-11,3.82
2023-09-12,3.84
2023-09-13,3.85
2023-09-14,3.78
2023-09-15,3.79
2023-09-18,3.82
2023-09-19,3.82
2023-09-20,3.77
2023-09-21,3.89
2023-09-22,3.93
2023-09-25,3.97
2023-09-26,4.04
2023-09-27,4.03
2023-09-28,4.09
2023-09-29,4.03
2023-09-30,4.03
2023-10-02,4.11
2023-10-03,4.26
2023-10-04,4.37
2023-10-05,4.38
2023-10-06,4.33
2023-10-09,4.34
2023-10-10,4.26
2023-10-11,4.25
2023-10-12,4.25
2023-10-13,4.3
2023-10-16,4.27
2023-10-17,4.25
2023-10-18,4.32
2023-10-19,4.37
2023-10-20,4.52
2023-10-23,4.51
2023-10-24,4.41
2023-10-25,4.37
2023-10-26,4.5
2023-10-27,4.53
2023-10-30,4.5
2023-10-31,4.42
2023-11-01,4.47
2023-11-02,4.15
2023-11-03,4.04
2023-11-06,4.0
2023-11-07,4.08
2023-11-08,4.08
2023-11-09,4.04
2023-11-10,4.03
2023-11-13,4.03
2023-11-14,3.92
2023-11-15,3.89
2023-11-16,4.02
2023-11-17,3.99
2023-11-20,3.92
2023-11-21,3.95
2023-11-22,3.9
2023-11-23,3.9
2023-11-24,3.85
2023-11-27,3.89
2023-11-28,3.9
2023-11-29,3.8
2023-11-30,3.84
2023-12-01,3.87
2023-12-04,3.8
2023-12-05,3.8
2023-12-06,3.79
2023-12-07,3.77
2023-12-08,3.75
2023-12-11,3.79
2023-12-12,3.76
2023-12-13,3.79
2023-12-14,3.47
2023-12-15,3.51
2023-12-18,3.51
2023-12-19,3.46
2023-12-20,3.43
2023-12-21,3.41
2023-12-22,3.39
2023-12-26,3.37
2023-12-27,3.34
2023-12-28,3.32
2023-12-29,3.34
2023-12-31,3.39
2024-01-02,3.54
2024-01-03,3.71
2024-01-04,3.69
2024-01-05,3.68
2024-01-08,3.63
2024-01-09,3.59
2024-01-10,3.5
2024-01-11,3.55
2024-01-12,3.56
2024-01-15,3.54
2024-01-16,3.58
2024-01-17,3.62
2024-01-18,3.58
2024-01-19,3.54
2024-01-22,3.49
2024-01-23,3.51
2024-01-24,3.44
2024-01-25,3.45
2024-01-26,3.39
2024-01-29,3.41
2024-01-30,3.42
2024-01-31,3.59
2024-02-01,3.56
2024-02-02,3.47
2024-02-05,3.5
2024-02-06,3.52
2024-02-07,3.43
2024-02-08,3.38
2024-02-09,3.33
2024-02-12,3.35
2024-02-13,3.36
2024-02-14,3.38
2024-02-15,3.35
2024-02-16,3.34
2024-02-19,3.34
2024-02-20,3.37
2024-02-21,3.34
2024-02-22,3.22
2024-02-23,3.23
2024-02-26,3.23
2024-02-27,3.26
2024-02-28,3.31
2024-02-29,3.29
2024-03-01,3.32
2024-03-04,3.26
2024-03-05,3.31
2024-03-06,3.27
2024-03-07,3.27
2024-03-08,3.26
2024-03-11,3.26
2024-03-12,3.2
2024-03-13,3.15
2024-03-14,3.15
2024-03-15,3.16
2024-03-18,3.13
2024-03-19,3.1
2024-03-20,3.14
2024-03-21,3.05
2024-03-22,3.08
2024-03-25,3.11
2024-03-26,3.15
2024-03-27,3.15
2024-03-28,3.12
2024-03-31,3.15
2024-04-01,3.12
2024-04-02,3.23
2024-04-03,3.23
2024-04-04,3.24
2024-04-05,3.18
2024-04-08,3.15
2024-04-09,3.14
2024-04-10,3.1
2024-04-11,3.16
2024-04-12,3.25
2024-04-15,3.28
2024-04-16,3.36
2024-04-17,3.42
2024-04-18,3.39
2024-04-19,3.37
2024-04-22,3.29
2024-04-23,3.2
2024-04-24,3.19
2024-04-25,3.24
2024-04-26,3.16
2024-04-29,3.12
2024-04-30,3.18
2024-05-01,3.21
2024-05-02,3.16
2024-05-03,3.08
2024-05-06,3.03
2024-05-07,3.06
2024-05-08,3.1
2024-05-09,3.14
2024-05-10,3.12
2024-05-13,3.14
2024-05-14,3.14
2024-05-15,3.13
2024-05-16,3.08
2024-05-17,3.09
2024-05-20,3.07
2024-05-21,3.07
2024-05-22,3.11
2024-05-23,3.1
2024-05-24,3.11
2024-05-27,3.12
2024-05-28,3.09
2024-05-29,3.15
2024-05-30,3.19
2024-05-31,3.2
2024-06-03,3.17
2024-06-04,3.22
2024-06-05,3.2
2024-06-06,3.2
2024-06-07,3.15
2024-06-10,3.15
2024-06-11,3.19
2024-06-12,3.09
2024-06-13,3.2
2024-06-14,3.29
2024-06-17,3.26
2024-06-18,3.24
2024-06-19,3.24
2024-06-20,3.23
2024-06-21,3.21
2024-06-24,3.19
2024-06-25,3.19
2024-06-26,3.18
2024-06-27,3.21
2024-06-28,3.18
2024-06-30,3.21
2024-07-01,3.21
2024-07-02,3.23
2024-07-03,3.25
2024-07-04,3.25
2024-07-05,3.27
2024-07-08,3.2
2024-07-09,3.21
2024-07-10,3.17
2024-07-11,3.18
2024-07-12,3.19
2024-07-15,3.13
2024-07-16,3.08
2024-07-17,3.09
2024-07-18,3.09
2024-07-19,3.09
2024-07-22,3.05
2024-07-23,3.02
2024-07-24,3.1
2024-07-25,3.08
2024-07-26,3.1
2024-07-29,3.13
2024-07-30,3.2
2024-07-31,3.25
2024-08-01,3.35
2024-08-02,3.72
2024-08-05,3.93
2024-08-06,3.67
2024-08-07,3.57
2024-08-08,3.48
2024-08-09,3.49
2024-08-12,3.52
2024-08-13,3.54
2024-08-14,3.46
2024-08-15,3.31
2024-08-16,3.29
2024-08-19,3.21
2024-08-20,3.25
2024-08-21,3.27
2024-08-22,3.21
2024-08-23,3.19
2024-08-26,3.15
2024-08-27,3.17
2024-08-28,3.19
2024-08-29,3.15
2024-08-30,3.13
2024-08-31,3.17
2024-09-02,3.17
2024-09-03,3.31
2024-09-04,3.35
2024-09-05,3.29
2024-09-06,3.39
2024-09-09,3.36
2024-09-10,3.46
2024-09-11,3.44
2024-09-12,3.39
2024-09-13,3.37
2024-09-16,3.32
2024-09-17,3.25
2024-09-18,3.21
2024-09-19,3.1
2024-09-20,3.15
2024-09-23,3.15
2024-09-24,3.21
2024-09-25,3.19
2024-09-26,3.14
2024-09-27,3.14
2024-09-30,3.03
2024-10-01,3.07
2024-10-02,3.06
2024-10-03,3.04
2024-10-04,2.89
2024-10-07,2.95
2024-10-08,2.99
2024-10-09,2.94
2024-10-10,2.99
2024-10-11,2.98
2024-10-14,2.97
2024-10-15,2.93
2024-10-16,2.9
2024-10-17,2.89
2024-10-18,2.88
2024-10-21,2.88
2024-10-22,2.92
2024-10-23,2.95
2024-10-24,2.93
2024-10-25,2.89
2024-10-28,2.82
2024-10-29,2.85
2024-10-30,2.8
2024-10-31,2.88
2024-11-01,2.83
2024-11-04,2.87
2024-11-05,2.86
2024-11-06,2.74
2024-11-07,2.73
2024-11-08,2.63
2024-11-11,2.63
2024-11-12,2.61
2024-11-13,2.64
2024-11-14,2.6
2024-11-15,2.72
2024-11-18,2.72
2024-11-19,2.69
2024-11-20,2.67
2024-11-21,2.61
2024-11-22,2.61
2024-11-25,2.64
2024-11-26,2.68
2024-11-27,2.69
2024-11-28,2.69
2024-11-29,2.72
2024-11-30,2.74
2024-12-02,2.68
2024-12-03,2.66
2024-12-04,2.66
2024-12-05,2.66
2024-12-06,2.67
2024-12-09,2.67
2024-12-10,2.67
2024-12-11,2.64
2024-12-12,2.66
2024-12-13,2.68
2024-12-16,2.69
2024-12-17,2.75
2024-12-18,2.73
2024-12-19,2.91
2024-12-20,2.86
2024-12-23,2.85
2024-12-24,2.86
2024-12-26,2.86
2024-12-27,2.84
2024-12-30,2.94
2024-12-31,2.92
2025-01-02,2.88
2025-01-03,2.81
2025-01-06,2.76
2025-01-07,2.79
2025-01-08,2.84
2025-01-09,2.82
2025-01-10,2.81
2025-01-13,2.85
2025-01-14,2.8
2025-01-15,2.72
2025-01-16,2.73
2025-01-17,2.64
2025-01-20,2.64
2025-01-21,2.61
2025-01-22,2.59
2025-01-23,2.61
2025-01-24,2.6
2025-01-27,2.66
2025-01-28,2.66
2025-01-29,2.68
2025-01-30,2.67
2025-01-31,2.68
2025-02-03,2.73
2025-02-04,2.71
2025-02-05,2.69
2025-02-06,2.66
2025-02-07,2.67
2025-02-10,2.66
2025-02-11,2.66
2025-02-12,2.65
2025-02-13,2.65
2025-02-14,2.62
2025-02-17,2.62
2025-02-18,2.62
2025-02-19,2.68
2025-02-20,2.66
2025-02-21,2.78
2025-02-24,2.78
2025-02-25,2.84
2025-02-26,2.81
2025-02-27,2.81
2025-02-28,2.87
2025-03-03,2.94
2025-03-04,2.99
2025-03-05,2.88
2025-03-06,2.99
2025-03-07,2.97
2025-03-10,3.16
2025-03-11,3.22
2025-03-12,3.2
2025-03-13,3.4
2025-03-14,3.25
2025-03-17,3.18
2025-03-18,3.23
2025-03-19,3.19
2025-03-20,3.17
2025-03-21,3.21
2025-03-24,3.05
2025-03-25,3.09
2025-03-26,3.19
2025-03-27,3.27
2025-03-28,3.47
2025-03-31,3.55
2025-04-01,3.5
2025-04-02,3.42
2025-04-03,4.01
2025-04-04,4.45
2025-04-07,4.61
2025-04-08,4.57
2025-04-09,4.37
2025-04-10,4.42
2025-04-11,4.26
2025-04-14,4.14
2025-04-15,4.09
2025-04-16,4.16
2025-04-17,4.02
2025-04-21,4.16
2025-04-22,3.99
2025-04-23,3.75
2025-04-24,3.73
2025-04-25,3.67
2025-04-28,3.73
2025-04-29,3.74
2025-04-30,3.94
2025-05-01,3.78
2025-05-02,3.6
2025-05-05,3.6
2025-05-06,3.66
2025-05-07,3.67
2025-05-08,3.51
2025-05-09,3.53
2025-05-12,3.15
2025-05-13,3.09
2025-05-14,3.1
2025-05-15,3.2
2025-05-16,3.16
2025-05-19,3.21
2025-05-20,3.2
2025-05-21,3.25
2025-05-22,3.32
2025-05-23,3.4
2025-05-26,3.4
2025-05-27,3.24
2025-05-28,3.23
2025-05-29,3.22
2025-05-30,3.31
2025-05-31,3.32
2025-06-02,3.27
2025-06-03,3.19
2025-06-04,3.23
2025-06-05,3.18
2025-06-06,3.09
2025-06-09,3.12
2025-06-10,3.12
2025-06-11,3.12
2025-06-12,3.17
2025-06-13,3.18
2025-06-16,3.1
2025-06-17,3.17
2025-06-18,3.16
2025-06-19,3.16
2025-06-20,3.13
2025-06-23,3.12
2025-06-24,3.06
2025-06-25,3.04
2025-06-26,3.04
2025-06-27,3.02
2025-06-30,2.96
2025-07-01,2.91
2025-07-02,2.88
2025-07-03,2.8
2025-07-04,2.8
2025-07-07,2.86
2025-07-08,2.92
2025-07-09,2.94
2025-07-10,2.92
2025-07-11,2.97
2025-07-14,2.95
2025-07-15,2.95
2025-07-16,3.0
2025-07-17,2.91
2025-07-18,2.93
2025-07-21,2.89
2025-07-22,2.9
2025-07-23,2.83
2025-07-24,2.82
2025-07-25,2.84
2025-07-28,2.82
2025-07-29,2.86
2025-07-30,2.89
2025-07-31,2.86
2025-08-01,3.13
2025-08-04,3.02
2025-08-05,2.98
2025-08-06,2.98
2025-08-07,2.95
2025-08-08,2.94
2025-08-11,2.94
2025-08-12,2.93
2025-08-13,2.9
2025-08-14,2.89
2025-08-15,2.88
2025-08-18,2.88
2025-08-19,2.9
2025-08-20,2.94
2025-08-21,2.95
2025-08-22,2.88
2025-08-25,2.8
2025-08-26,2.78
2025-08-27,2.78
2025-08-28,2.75
2025-08-29,2.82
2025-08-31,2.84
2025-09-01,2.84
2025-09-02,2.92
2025-09-03,2.88
2025-09-04,2.84
2025-09-05,2.83
2025-09-08,2.84
2025-09-09,2.87
2025-09-10,2.84
2025-09-11,2.78
2025-09-12,2.79
2025-09-15,2.75
2025-09-16,2.79
2025-09-17,2.79
2025-09-18,2.71
2025-09-19,2.72
2025-09-22,2.69
2025-09-23,2.71
2025-09-24,2.7
2025-09-25,2.76
2025-09-26,2.75
2025-09-29,2.74
2025-09-30,2.8
2025-10-01,2.81
2025-10-02,2.81
2025-10-03,2.8
2025-10-06,2.76
2025-10-07,2.82
2025-10-08,2.84
2025-10-09,2.95
2025-10-10,3.18
2025-10-13,3.18
2025-10-14,3.11
2025-10-15,2.95
2025-10-16,3.04
2025-10-17,3.04
2025-10-20,2.99
2025-10-21,2.97
2025-10-22,3.01
2025-10-23,2.96
2025-10-24,2.88
2025-10-27,2.8
2025-10-28,2.82
2025-10-29,2.76
2025-10-30,2.85
2025-10-31,2.94
2025-11-03,3.04
2025-11-04,3.13
2025-11-05,3.05
2025-11-06,3.13
2025-11-07,3.15
2025-11-10,3.02
2025-11-11,3.02
2025-11-12,3.02
2025-11-13,3.09
2025-11-14,3.07
2025-11-17,3.13
2025-11-18,3.2
2025-11-19,3.17
2025-11-20,3.17
2025-11-21,3.19
2025-11-24,3.15
2025-11-25,3.1
2025-11-26,3.0
2025-11-27,3.0
2025-11-28,2.95
2025-11-30,2.92
2025-12-01,2.94
2025-12-02,2.92
2025-12-03,2.89
2025-12-04,2.88
2025-12-05,2.85
2025-12-08,2.89
2025-12-09,2.89
2025-12-10,2.91
2025-12-11,2.88
2025-12-12,2.91
2025-12-15,2.91
2025-12-16,2.98
2025-12-17,2.99
2025-12-18,2.95
2025-12-19,2.9
2025-12-22,2.88
2025-12-23,2.83
2025-12-24,2.84
2025-12-26,2.86
2025-12-29,2.87
2025-12-30,2.84
2025-12-31,2.81
