week_end,qqq_adj_close_weekly,r1w,R4w,sigma4w,mdd8w,fwd_ret_1w,fwd_vol_1w,fwd_mdd_1w,fwd_ret_4w,fwd_vol_4w,fwd_mdd_4w,fwd_ret_8w,fwd_vol_8w,fwd_mdd_8w
2021-04-09,327.1416931152344,0.03790794737986449,0.05701369459460628,0.092677042203327,0.10609742845469114,0.014430656414239127,0.08795832416783196,0.012008207365707242,-0.008669459052078545,0.06882418968283285,0.037952317822824204,-0.00448916477278571,0.08151527026590817,0.07344803419472996
2021-04-16,331.8968200683594,0.014430656414239127,0.07087220865784973,0.07516842091455793,0.07463056003253149,-0.00760192514686723,0.08624721596978749,0.01991173999323623,-0.046746875171702486,0.09082533151392662,0.07344803419472996,-0.0022538172715258586,0.07735429842377027,0.07344803419472996
2021-04-23,329.3834228515625,-0.00760192514686723,0.07178046195272517,0.07463586694210045,0.0730860376414073,-0.004221631129821565,0.031648467018467095,0.010654750568209486,-0.03724712765717826,0.09056619907811282,0.07241747166270647,0.009413242167518536,0.07641919338777664,0.07241747166270647
2021-04-30,327.9956970214844,-0.004221631129821565,0.020747130115345278,0.06082708191125321,0.031614941851889095,-0.011276559189628879,0.08871101353842394,0.026509981658508847,-0.012084997415438453,0.09522260569633643,0.062427874526075795,0.034532063952572044,0.07648924543876229,0.062427874526075795
2021-05-07,324.3177795410156,-0.011276559189628879,-0.007363449088500013,0.06882418968283285,0.037952317822824204,-0.02364675970538487,0.1457053214165858,0.05179545105100607,0.004180294279292777,0.08536387210000117,0.05179545105100607,0.07173870992539311,0.06632999718987156,0.05179545105100607
2021-05-14,316.7386779785156,-0.02364675970538487,-0.03755305721336062,0.09082533151392662,0.07344803419472996,0.0018978223676570933,0.08624624007616473,0.012776120461390202,0.044493057900176575,0.05931024692012129,0.012776120461390202,0.10197183822606894,0.05238597372299255,0.012776120461390202
2021-05-21,317.3403625488281,0.0018978223676570933,-0.04373741538895548,0.09056619907811282,0.07344803419472996,0.020940499111918233,0.02407161351294086,0.0037408881322260473,0.04666036982469676,0.05210249409187793,0.012360639046506937,0.09058344858272899,0.04621752889977875,0.015066000211962012
2021-05-28,324.0557556152344,0.020940499111918233,-0.00674519266940205,0.09522260569633643,0.07344803419472996,0.0049887325051023,0.09852305338241577,0.011769189665963438,0.04661706136801037,0.052874923506404325,0.011769189665963438,0.09885434902515569,0.050040675194224664,0.02313586981206756
2021-06-04,325.67633056640625,0.0049887325051023,0.02975889321200049,0.08536387210000117,0.07344803419472996,0.016666003915498932,0.03425813070920792,-0.0,0.06755841564610024,0.04560380525542879,0.010159293961200874,0.08395779373905224,0.047515779592663294,0.02313586981206756
2021-06-11,331.14959716796875,0.016666003915498932,0.0505778826060588,0.05931024692012129,0.07241747166270647,0.004065134292177068,0.06842432838179584,0.010159293961200874,0.05747878032589222,0.04642748641040497,0.010159293961200874,0.07679226109023624,0.04670888875993766,0.02313586981206756
2021-06-18,332.4984436035156,0.004065134292177068,0.029981358565347734,0.05210249409187793,0.07241747166270647,0.020897190655231972,0.03527765552162338,0.0012288272384531715,0.04392307875803226,0.04181200108595188,0.015066000211962012,0.07481673497139082,0.04257084868989712,0.02313586981206756
2021-06-25,339.5198974609375,0.020897190655231972,0.04661706136801037,0.052874923506404325,0.05740803187869632,0.025930086783192325,0.04122854659841703,0.0015774979491553333,0.052237287657145214,0.0471737705980142,0.02313586981206756,0.05095998305253213,0.0444066260842069,0.02313586981206756
2021-07-02,348.4387512207031,0.025930086783192325,0.06458320736567803,0.04560380525542879,0.02722885706664911,0.006586368595291145,0.045077662069663155,0.00603950002362681,0.0163993780929519,0.04986564983325277,0.02313586981206756,0.04737621807243118,0.04734104463084979,0.02313586981206756
2021-07-09,350.74139404296875,0.006586368595291145,0.04794178822316246,0.04642748641040497,0.012360639046506937,-0.009490567275682928,0.035865058640968235,0.015066000211962012,0.01931348076434388,0.04841331056502088,0.02313586981206756,0.0553885883684929,0.04705476257811426,0.02313586981206756
2021-07-16,347.4283142089844,-0.009490567275682928,0.037727436079631006,0.04181200108595188,0.015066000211962012,0.029211399554344947,0.018768398299795822,0.008193310010459807,0.030893656213358617,0.04213585412377631,0.011017942878614241,0.05174206149120965,0.04574149036597705,0.02018015102994428
2021-07-23,357.7268371582031,0.029211399554344947,0.0401490918084718,0.0471737705980142,0.02313586981206756,-0.00990782278100102,0.049139090600480335,0.011017942878614241,-0.001277304604613155,0.04249049131721843,0.02018015102994428,0.015174932664672888,0.04455358356717051,0.021668860148477208
2021-07-30,354.2001037597656,-0.00990782278100102,0.0163993780929519,0.04986564983325277,0.02313586981206756,0.009500471266682926,0.03622174241481935,0.004382013039231214,0.030976839979479212,0.047231492285812735,0.02018015102994428,0.024852164496523305,0.05089337922621421,0.04188476123381913
2021-08-06,357.58111572265625,0.009500471266682926,0.015415264220379619,0.04841331056502088,0.02313586981206756,0.002089608173331714,0.030755072631388554,0.006834220031626562,0.0360751076041491,0.04798688120267733,0.018347767873256635,-0.020506909076293614,0.061456642500680926,0.062163137503771115
2021-08-13,358.3292541503906,0.002089608173331714,0.039120715862203045,0.04213585412377631,0.02313586981206756,-0.0029595612636268607,0.07191235683188123,0.018347767873256635,0.020848405277850993,0.051435684751284926,0.018347767873256635,-0.019879508183662496,0.06926742296031661,0.07615363305529137
2021-08-20,357.270263671875,-0.0029595612636268607,-0.0020646591167825285,0.04249049131721843,0.02313586981206756,0.02234632180309139,0.04759771825202336,0.006350091249562681,0.01645223726928588,0.04183399449708055,0.021668860148477208,0.004392989713510113,0.06920595927466158,0.07615363305529137
2021-08-27,365.34381103515625,0.02234632180309139,0.030894389076812696,0.047231492285812735,0.02313586981206756,0.014598738891352867,0.013234680595216807,0.0008153025767939445,-0.006124675482955966,0.05233855856699982,0.04188476123381913,-0.00406418473815937,0.06914887097795779,0.07615363305529137
2021-09-03,370.7165832519531,0.014598738891352867,0.034229445518919724,0.04798688120267733,0.02313586981206756,-0.013137094152966251,0.01728720552949644,0.014445988969841748,-0.056582016680442625,0.07110587263255246,0.062163137503771115,0.012936192143392977,0.07166987126879548,0.07615363305529137
2021-09-10,365.878173828125,-0.013137094152966251,0.020414747261867098,0.051435684751284926,0.02018015102994428,-0.007355729272191886,0.05802672539135129,0.011842054571227022,-0.04072791346151359,0.08416193058027782,0.06687409746513077,0.0579095690253441,0.07203000889869329,0.06687409746513077
2021-09-17,363.1967468261719,-0.007355729272191886,0.001606501697717226,0.04183399449708055,0.021668860148477208,-0.0002305909491505779,0.033973763691343695,0.020663659022864187,-0.012059247555775912,0.08323892042128607,0.05569154521145374,0.05543262224131556,0.06895694066566614,0.05569154521145374
2021-09-24,363.1130065917969,-0.0002305909491505779,-0.017284494995388762,0.05233855856699982,0.04188476123381913,-0.03585860230613394,0.10893807445333796,0.0411701049746825,0.002060490744796563,0.08372772467102337,0.05547377112117102,0.07892745181648429,0.0680172614392708,0.05547377112117102
2021-10-01,350.3229064941406,-0.03585860230613394,-0.056582016680442625,0.07110587263255246,0.062163137503771115,0.0027170090659627325,0.056755767710965827,0.02098980224025958,0.0695182088238357,0.05198011641659751,0.02098980224025958,0.08261487673652244,0.05923161513370832,0.031659190157305325
2021-10-08,351.276123046875,0.0027170090659627325,-0.040037297776112944,0.08416193058027782,0.07615363305529137,0.021312936633545828,0.06421238612593634,0.011130681450931905,0.09863748248685772,0.04460958557522631,0.011130681450931905,0.05905327721555216,0.07121000134543798,0.051634941305149305
2021-10-15,358.8432312011719,0.021312936633545828,0.00882089225188309,0.08323892042128607,0.07615363305529137,0.013889147351422016,0.05315987113552434,0.008402320015036673,0.06749186979709144,0.05232231856844107,0.022804849259796832,0.07584311358291064,0.07830954216299489,0.051634941305149305
2021-10-22,363.862060546875,0.013889147351422016,0.010074624937452271,0.08372772467102337,0.07615363305529137,0.03159911577290527,0.02844295792678869,-0.0,0.07686696107168767,0.04821936182346216,0.022804849259796832,0.028486474460140625,0.08973769503129116,0.051634941305149305
2021-10-29,375.5434265136719,0.03159911577290527,0.09073142882333946,0.05198011641659751,0.07615363305529137,0.03183628272898487,0.039516162233982695,-0.0,0.013096667912686856,0.06531397442205049,0.031659190157305325,0.028888825956638223,0.09566678215438583,0.05647112020112987
2021-11-05,387.6915588378906,0.03183628272898487,0.10633674838658921,0.04460958557522631,0.06687409746513077,-0.00983267605622051,0.07967074288369004,0.022804849259796832,-0.03958420527130552,0.08493421742422742,0.051634941305149305,-0.0006070068172480346,0.09613471420558688,0.05647112020112987
2021-11-12,383.8982543945313,-0.00983267605622051,0.05748653446028956,0.05232231856844107,0.05547377112117102,0.02326423862601811,0.029388220994162825,0.00022798860629324867,0.008351243785819345,0.101254706496603,0.051634941305149305,-0.037046788274694764,0.1029135971539808,0.05854083837067786
2021-11-19,392.9339904785156,0.02326423862601811,0.06668126191197164,0.04821936182346216,0.047873798249724465,-0.03217117738609568,0.0818338743382413,0.031659190157305325,-0.04838048661154704,0.11717526639895504,0.051634941305149305,-0.05991612284044038,0.10682755879108809,0.06399322389419171
2021-11-26,380.4940490722656,-0.03217117738609568,0.009683705145468414,0.06531397442205049,0.031659190157305325,-0.020844590455007552,0.08582808049702176,0.041432359460029475,0.015792158043951288,0.11720597828224576,0.04632056632830985,-0.10519229505914968,0.11008962250400207,0.12835822958858115
2021-12-03,372.6449279785156,-0.020844590455007552,-0.03822842463168732,0.08493421742422742,0.051634941305149305,0.038102773000904255,0.13231318055985083,0.014714277918650698,0.03897719845405757,0.10840124132220062,0.04612939710970382,-0.0840352732688984,0.11583297972957729,0.15460484417628315
2021-12-10,387.1176452636719,0.038102773000904255,0.008579258385465744,0.101254706496603,0.051634941305149305,-0.033467491771348196,0.14604785815612917,0.03291365101543381,-0.045398032060514036,0.10707962234593862,0.05854083837067786,-0.10463970915659664,0.12502868130417832,0.15460484417628315
2021-12-17,374.3761901855469,-0.033467491771348196,-0.0367033834467039,0.11717526639895504,0.051634941305149305,0.03200146726940269,0.05392403838094385,0.009700462822310452,-0.011535636228893443,0.10054388237622279,0.06399322389419171,-0.10223574825158512,0.12937847510455577,0.15460484417628315
2021-12-24,386.5505676269531,0.03200146726940269,-0.005678401327249735,0.11720597828224576,0.05647112020112987,0.0023404499550987454,0.018820443172367085,0.013953583737346061,-0.12098445310310102,0.09602035974886498,0.12835822958858115,-0.15035772332457908,0.12863830589861128,0.15460484417628315
2021-12-31,387.4562683105469,0.0023404499550987454,0.030996323533437675,0.10840124132220062,0.05647112020112987,-0.0462724575136673,0.09152714527115542,0.05432202840434512,-0.12301247172295605,0.11802776437183334,0.15081651043410987,-0.14030140019060588,0.14139940850324578,0.1798944188861145
2022-01-07,369.936279296875,-0.0462724575136673,-0.030845835665500414,0.10707962234593862,0.05854083837067786,0.00039490406027251084,0.12616236465325759,0.02501631125721452,-0.05924167709608253,0.14675007645801336,0.11940115337678418,-0.11883000134852309,0.14089583412149928,0.14955479267815674
2022-01-14,370.082275390625,0.00039490406027251084,-0.0017878174182438791,0.10054388237622279,0.06399322389419171,-0.07744734960480491,0.06726748476584517,0.07452425022211044,-0.09070011202269178,0.15287789531378243,0.1023918973900743,-0.15822032036660494,0.14888293162290817,0.14910135832381327
2022-01-21,342.502197265625,-0.07744734960480491,-0.13737675322861603,0.09602035974886498,0.12835822958858115,0.0003124313352437673,0.16676600555249374,0.03453140674212315,-0.029373270221478027,0.15542463192283879,0.07321786436089289,-0.0005690771313678084,0.158741920596755,0.1365572791561083
2022-01-28,342.6092529296875,0.0003124313352437673,-0.1325931926677973,0.11802776437183334,0.15460484417628315,0.01749833711320623,0.18303504855068062,0.04054396740467959,-0.017288928467649872,0.15441451958135205,0.10602731436418393,0.0224696808536147,0.15185855892218386,0.1365572791561083
2022-02-04,348.65704345703125,0.01749833711320623,-0.05989951659831433,0.14675007645801336,0.15460484417628315,-0.031063530866336703,0.18598842866529328,0.053636448151886326,-0.0595883242524406,0.14291017137582146,0.10173691206442619,0.01190439183452907,0.14597995050755436,0.13241339792266438
2022-02-11,337.9931335449219,-0.031063530866336703,-0.09070011202269178,0.15287789531378243,0.15460484417628315,-0.01612050780359127,0.16502917247151222,0.04105237223708292,-0.06752020834391327,0.15327763283270004,0.09204499859214417,0.00723959139853754,0.14348154899197268,0.10659008517527806
2022-02-18,332.588134765625,-0.01612050780359127,-0.03394060917868383,0.15542463192283879,0.15460484417628315,0.012396773089071975,0.21836360193294407,0.03540147003444957,0.028804193090110234,0.16886360959512678,0.08366435885136589,-0.007824167145507321,0.14438191945769113,0.08825670809345568
2022-02-25,336.73687744140625,0.012396773089071975,-0.04876663529646128,0.15441451958135205,0.1798944188861145,-0.024801058671584525,0.11342456462066985,0.028569829876273243,0.03975860932126451,0.15581149496704683,0.08366435885136589,-0.05948295518920102,0.14109075994774326,0.12335996534244112
2022-03-04,328.48809814453125,-0.024801058671584525,-0.051511272508581736,0.14291017137582146,0.14955479267815674,-0.03899541495780938,0.17838328916904617,0.04135778692811842,0.07149271608696968,0.13502480981157453,0.05671486296135471,-0.07273544866022498,0.15397714188381165,0.15609248839738216
2022-03-11,315.9251403808594,-0.03899541495780938,-0.06875867882848485,0.15327763283270004,0.12737824050477586,0.08020389363043222,0.07849772709464066,0.019204453840591315,0.07475979974245067,0.13014873850838554,0.05937670188099719,-0.0465916567524666,0.16283855607499365,0.16686867555831814
2022-03-18,342.30743408203125,0.08020389363043222,0.028804193090110234,0.16886360959512678,0.1365572791561083,0.023351189320226288,0.12500564209961654,0.01437147463243414,-0.0366283602356176,0.12310476910967712,0.08825670809345568,-0.1507171645358543,0.16530399494895542,0.21563082549728546
2022-03-25,350.3947448730469,0.023351189320226288,0.03678429598999542,0.15581149496704683,0.1365572791561083,0.006933048094120619,0.09816765348975212,0.025162227544108413,-0.09924156451046565,0.12150844203582964,0.12335996534244112,-0.2189779137087968,0.17026669255151522,0.22228501946747392
2022-04-01,352.8324279785156,0.006933048094120619,0.10907098766143043,0.13502480981157453,0.13241339792266438,-0.03572833130232824,0.083560331125455,0.05456272008068036,-0.14422816474719458,0.1568664863240602,0.15177348480675273,-0.15756508057122076,0.17961867557911954,0.22220404842516514
2022-04-08,340.4490051269531,-0.03572833130232824,0.09415105458128664,0.13014873850838554,0.10659008517527806,-0.031184266347635988,0.15637495544798707,0.03070305218912911,-0.12135145649491738,0.18719982504075222,0.1142773880811547,-0.131263008506493,0.18306973255117923,0.177316181522682
2022-04-15,329.9960632324219,-0.031184266347635988,-0.03384435510065243,0.12310476910967712,0.08825670809345568,-0.0392620149546218,0.15826768203664318,0.06024364825204343,-0.11408880430023674,0.20329390824235147,0.15915782452011074,-0.15844462010457158,0.18385346503971137,0.17044983093038454
2022-04-22,317.29083251953125,-0.0392620149546218,-0.11459557483499447,0.12150844203582964,0.12335996534244112,-0.03805355214260848,0.2689812511345923,0.04954778676613101,-0.11973634919833112,0.21112775716937435,0.12415054644388446,-0.16941207329121066,0.19319332056039587,0.17660809584337256
2022-04-29,305.443603515625,-0.03805355214260848,-0.16460756188645198,0.1568664863240602,0.15609248839738216,-0.012851623050050998,0.253466712374399,0.0617415974769024,-0.013336915824026097,0.20052104233657936,0.12851947673110198,-0.05942889323391296,0.18679851286653104,0.17660809584337256
2022-05-06,301.5433044433594,-0.012851623050050998,-0.09740999399880315,0.18719982504075222,0.16686867555831814,-0.0239216141529555,0.20045239539691054,0.058528767924606595,-0.009911552011575637,0.17390257283558402,0.07117216224722876,-0.08986165924704373,0.16971812243330556,0.13674545903077806
2022-05-13,294.4153747558594,-0.0239216141529555,-0.11485663679850791,0.20329390824235147,0.21563082549728546,-0.04490955985271627,0.22611854945010873,0.0571250324173869,-0.044355815804334786,0.1706719904456127,0.08123968006791916,-0.020146849514033623,0.1647439263100773,0.13674545903077806
2022-05-20,281.4857482910156,-0.04490955985271627,-0.13250019077157535,0.21112775716937435,0.22228501946747392,0.0683458812316965,0.174726651294213,0.021262019712712764,-0.04967572409287955,0.17973913686427428,0.13674545903077806,0.012909751322175617,0.15259366869910332,0.13674545903077806
2022-05-27,301.3970031738281,0.0683458812316965,-0.029895018314288365,0.20052104233657936,0.22220404842516514,-0.009426259237600472,0.1951549215950646,0.02601961874713909,-0.04609197740988683,0.18233679002145292,0.13674545903077806,-0.021350475850420842,0.1491637764302054,0.13674545903077806
2022-06-03,298.5693359375,-0.009426259237600472,0.03000140562237644,0.17390257283558402,0.1706655697695938,-0.05836587794571458,0.14427943247067132,0.06786748114794997,-0.07995010723546818,0.17203517414297928,0.12418112512347512,0.03171390705431264,0.152182829240634,0.12418112512347512
2022-06-10,281.64190673828125,-0.05836587794571458,-0.03269639112625317,0.1706719904456127,0.17044983093038454,-0.05022946814126101,0.20616118758831675,0.06041377469040255,0.024208966290301052,0.14099816285937775,0.06041377469040255,0.10982248470465669,0.1304791622911905,0.06041377469040255
2022-06-17,267.84454345703125,-0.05022946814126101,-0.06616633322129553,0.17973913686427428,0.17660809584337256,0.07192962791468942,0.12685393228436637,0.001458409112706474,0.06258547541505514,0.11632709122371364,0.04864051013142946,0.18655119429189682,0.12005108523349572,0.04864051013142946
2022-06-24,287.82025146484375,0.07192962791468942,-0.04609197740988683,0.18233679002145292,0.17660809584337256,-0.04328438906318186,0.12027146369668612,0.04864051013142946,0.02474150155946592,0.11775803078354634,0.04864051013142946,0.09156644336311585,0.11622595415232728,0.04864051013142946
2022-07-01,275.6279296875,-0.04328438906318186,-0.0832758877085638,0.17203517414297928,0.13674545903077806,0.045793195580054735,0.07457422814851565,-0.0,0.11166401428978079,0.12621765822557662,0.0423255818207557,0.08591205032294366,0.12477940943051209,0.07692286770059463
2022-07-08,288.5433044433594,0.045793195580054735,0.07182072765670089,0.14099816285937775,0.13674545903077806,-0.01185295901650699,0.08441841694936045,0.032842460052294103,0.08561351841435552,0.1197571013676846,0.0423255818207557,-0.0006095996794825746,0.12097852250264941,0.11376305817933975
2022-07-15,285.1434326171875,-0.01185295901650699,0.06258547541505514,0.11632709122371364,0.13674545903077806,0.03408565405910012,0.145880468057671,0.017535490743438506,0.12396571887684182,0.12537241034811128,0.0423255818207557,0.05083267950929678,0.1246372527873651,0.12012835640567925
2022-07-22,295.0302429199219,0.03408565405910012,0.03210005829995244,0.11775803078354634,0.13674545903077806,0.04363812366713306,0.18240404020209078,0.025232556335369354,0.06682494180364992,0.11981320617605912,0.030624955274185305,-0.04286041478058861,0.1356779668644488,0.13132746593170802
2022-07-29,308.1897888183594,0.04363812366713306,0.11166401428978079,0.12621765822557662,0.12418112512347512,0.019742699704629583,0.11143281152207722,0.008169027565545047,-0.025751963966837196,0.1256345114957135,0.07692286770059463,-0.1336127071540054,0.12441477090004754,0.17130509903831176
2022-08-05,314.3348693847656,0.019742699704629583,0.10720964572915687,0.1197571013676846,0.04864051013142946,0.026499241445979056,0.13622398560311064,0.014514002843849811,-0.08622311809383822,0.11731874432195034,0.11376305817933975,-0.183757327306865,0.12627089040439168,0.19611989547735376
2022-08-12,322.7757263183594,0.026499241445979056,0.13246411808159633,0.12537241034811128,0.04864051013142946,-0.023055123014091742,0.07073750298756527,0.030624955274185305,-0.07313303936754494,0.11535951608462165,0.12012835640567925,-0.20339541255856597,0.13379681549512432,0.19611989547735376
2022-08-19,315.4192199707031,-0.023055123014091742,0.07253656373839648,0.11981320617605912,0.0423255818207557,-0.04893878210335411,0.18356379336226183,0.04776057799126093,-0.10968535658423859,0.14415898428079016,0.10388395204253081,-0.2118995943770782,0.13789643626470158,0.19095407375127932
2022-08-26,300.35467529296875,-0.04893878210335411,-0.0251492333760403,0.1256345114957135,0.07692286770059463,-0.04072845442237144,0.046460648489294126,0.039910197306020787,-0.1078607431871683,0.1279404989133611,0.11178132994654122,-0.1081873127970806,0.1387947406817257,0.15939834310832604
2022-09-02,288.3674011230469,-0.04072845442237144,-0.08298578594502444,0.11731874432195034,0.11376305817933975,0.0395893201722724,0.0653859541341555,0.007182388733720357,-0.09753420921302686,0.1417678648818731,0.13837853172147066,-0.0466186730972114,0.14897083589313942,0.15939834310832604
2022-09-09,300.0126647949219,0.0395893201722724,-0.08118161526597217,0.11535951608462165,0.12012835640567925,-0.05960744023078533,0.19912267880249304,0.06893217029969753,-0.13026237319102085,0.15197966417505995,0.13837853172147066,-0.14682389031684284,0.1491423213185303,0.16020421077794855
2022-09-16,282.6522521972656,-0.05960744023078533,-0.08300538408510928,0.14415898428079016,0.13132746593170802,-0.04711416870628379,0.03242305609306823,0.05339277434328769,-0.1022142377928397,0.13765781925130854,0.10413997235075967,-0.002916378550359671,0.16290587676927734,0.10499881509377687
2022-09-23,269.64422607421875,-0.04711416870628379,-0.09795625755795759,0.1279404989133611,0.17130509903831176,-0.03040192044823004,0.15375550553257056,0.045295318849188734,-0.0003265696099123057,0.15258193290976013,0.07581614382040155,0.03323326967847719,0.16120203244693498,0.08345929268425677
2022-09-30,261.5698547363281,-0.03040192044823004,-0.09753420921302686,0.1417678648818731,0.19611989547735376,0.006861156194278228,0.2066480611754397,0.04618442492363235,0.050915536115815306,0.1541888235218895,0.07581614382040155,0.07098157769722424,0.15613631833182293,0.08345929268425677
2022-10-07,263.37066650390625,0.006861156194278228,-0.142078080498287,0.15197966417505995,0.19611989547735376,-0.03155930483260411,0.1636208356423563,0.03106650768876019,-0.016561517125821847,0.1495240750629086,0.08345929268425677,0.08355247009882744,0.15377418348474578,0.08345929268425677
2022-10-14,255.1886749267578,-0.03155930483260411,-0.10997109735216047,0.13765781925130854,0.18520006832530603,0.05477349947664364,0.09444218898554863,0.00873007240488295,0.09929785924248012,0.17753179746459946,0.08345929268425677,0.07852534299082929,0.1461841494491858,0.08345929268425677
2022-10-21,269.55615234375,0.05477349947664364,0.0038196602738134445,0.15258193290976013,0.15939834310832604,0.020840185277497612,0.19260128475102686,0.0398999946569903,0.03355983928838945,0.17679353348466562,0.08345929268425677,-0.0042572987336908,0.15033024175336568,0.08345929268425677
2022-10-28,275.2325744628906,0.020840185277497612,0.027725862535404124,0.1541888235218895,0.15939834310832604,-0.06061589704735901,0.15396016482773217,0.0737145441578636,0.02006604158140896,0.16539872455685675,0.0737145441578636,-0.048150412912873204,0.14410893679046255,0.08961386574502402
2022-11-04,259.04473876953125,-0.06061589704735901,-0.00651507881477774,0.1495240750629086,0.16020421077794855,0.08430007153569778,0.2840229489549583,0.023076288594915388,0.1001139872246493,0.16362910782198892,0.030477750064757097,0.008418026290679207,0.14060094295224965,0.11234266090979726
2022-11-11,281.8291320800781,0.08430007153569778,0.06681003090101716,0.17753179746459946,0.10499881509377687,-0.010964520477446912,0.08131381991430055,0.01582616048812844,-0.02077251625165063,0.11104289794678648,0.04490682986501804,-0.0664629102138325,0.11287653313784791,0.11234266090979726
2022-11-18,278.7560119628906,-0.010964520477446912,0.022618663525208183,0.17679353348466562,0.08345929268425677,0.007346387570517096,0.07957014103389151,0.010286970840481777,-0.037817138022080296,0.1247910121512569,0.06628786491463691,-0.011217814765297046,0.1134395283285937,0.11234266090979726
2022-11-25,280.8113098144531,0.007346387570517096,0.03176218831042349,0.16539872455685675,0.08345929268425677,0.01943204859588123,0.17513973577361114,0.022131636763249616,-0.06821645449428206,0.1254007409442846,0.08961386574502402,-0.012496873768596118,0.11625529862935544,0.11234266090979726
2022-12-02,286.3214111328125,0.01943204859588123,0.0891797766860276,0.16362910782198892,0.08345929268425677,-0.036586431940602036,0.09655340309690322,0.041086937266918484,-0.09169596093396988,0.10913833824809067,0.10879247773891332,0.0149933349581877,0.10683843565609782,0.10879247773891332
2022-12-09,276.03515625,-0.036586431940602036,-0.011982704665303297,0.11104289794678648,0.08345929268425677,-0.028009142247876602,0.13285014162244488,0.04988751883013102,-0.045690393962181795,0.11786424272589943,0.09675125214632437,0.08451532774042549,0.11835215086778403,0.09675125214632437
2022-12-16,268.4109802246094,-0.028009142247876602,-0.027476890612444294,0.1247910121512569,0.08345929268425677,-0.02305292890168478,0.11825588000696036,0.024982004574948116,0.026599323256783283,0.10246487782130759,0.04932440552563866,0.0911332152045496,0.11285642695790456,0.04932440552563866
2022-12-23,262.29412841796875,-0.02305292890168478,-0.05343456800812088,0.1254007409442846,0.08961386574502402,-0.004047457843806572,0.13704613485135467,0.02715398390176074,0.055719580725685995,0.10188984799288905,0.02715398390176074,0.11904587534782604,0.10991504854498282,0.03856030125830988
2022-12-30,261.2346496582031,-0.004047457843806572,-0.07477010885806233,0.10913833824809067,0.11234266090979726,0.009419135031186056,0.15511224062959517,0.017650654148485493,0.1066892958921576,0.09372820412216602,0.022696366026937143,0.0916916975229576,0.11229862792271775,0.0637430642471107
2023-01-06,263.70684814453125,0.009419135031186056,-0.05816346581639165,0.11786424272589943,0.11234266090979726,0.044280574971088386,0.038060200571216736,-0.0,0.1302057217026072,0.11342847319347545,0.022696366026937143,0.10874762152030026,0.10766185215413192,0.06582830567547712
2023-01-13,275.64630126953125,0.044280574971088386,0.04075243700769746,0.10246487782130759,0.11234266090979726,0.006067328567218037,0.16061435099786617,0.022696366026937143,0.06453389194776642,0.12770053848496726,0.03856030125830988,0.02662034516646545,0.11099767607012091,0.07432953640301043
2023-01-20,277.3238220214844,0.006067328567218037,0.055719580725685995,0.10188984799288905,0.11234266090979726,0.04692225732266518,0.07499557286406487,0.0042567557238842296,0.06332629462213998,0.11716340004028088,0.03856030125830988,0.07717572034221247,0.10789248084801152,0.07432953640301043
2023-01-27,290.6466064453125,0.04692225732266518,0.1066892958921576,0.09372820412216602,0.09675125214632437,0.03293556084163576,0.16242085036979528,0.02021911381135624,-0.014997598369199986,0.1221535729452473,0.0637430642471107,0.049748349949733706,0.10530074634790162,0.07432953640301043
2023-02-03,300.37860107421875,0.03293556084163576,0.12375336750994444,0.11342847319347545,0.09675125214632437,-0.021391254783752315,0.11943702231801634,0.0328512593521479,-0.021458100182307083,0.09845329366436614,0.060281181547537484,0.04859659340964661,0.09476924451084856,0.06883289269785858
2023-02-10,294.02142333984375,-0.021391254783752315,0.06453389194776642,0.12770053848496726,0.048820551241366944,0.004859731241591493,0.09225140153753841,0.025687365240384737,-0.03791354678130089,0.08890945715654541,0.06648320489499757,0.060973619235912255,0.08884923312616105,0.06648320489499757
2023-02-17,295.4537048339844,0.004859731241591493,0.04135331589521528,0.11716340004028088,0.03856030125830988,-0.03140163566867486,0.09441718503997372,0.03091372471085877,0.013849425720072457,0.0936598162009416,0.0418714057471687,0.057747673440841515,0.08278265346116813,0.0418714057471687
2023-02-24,286.3201904296875,-0.03140163566867486,0.005428719469080586,0.1221535729452473,0.0637430642471107,0.02647505902852865,0.08929073533857165,0.009321512383159643,0.0647459483189335,0.09174913258164502,0.03823073206439131,0.08297750855906834,0.07883151566189177,0.03823073206439131
2023-03-03,294.0018310546875,0.02647505902852865,-0.012963048520243914,0.09845329366436614,0.06582830567547712,-0.03784670138274615,0.0724426684240573,0.03823073206439131,0.07005469359195371,0.09381740836916944,0.03823073206439131,0.07512093162659125,0.08420303075062618,0.03823073206439131
2023-03-10,283.0826110839844,-0.03784670138274615,-0.05380263977022678,0.08890945715654541,0.07432953640301043,0.05662270374296492,0.10507836390986695,0.0047263227361815435,0.09888716601721327,0.0830581148228489,0.015610648152942235,0.11399027421494655,0.08152122913792266,0.03408824220234556
2023-03-17,299.5741882324219,0.05662270374296492,0.013849425720072457,0.0936598162009416,0.07432953640301043,0.019494886930186073,0.09096744884406505,0.013598001517816833,0.04389824772076899,0.07572222194831785,0.02458446752896342,0.06397321905132702,0.0736842343152335,0.03408824220234556
2023-03-24,305.4715576171875,0.019494886930186073,0.057610413336717764,0.09174913258164502,0.07432953640301043,0.03178380430154887,0.0769996712576926,0.012126448258992211,0.018231560240134847,0.06549358288307644,0.02458446752896342,0.07918887035876773,0.07206285935435473,0.03408824220234556
2023-03-31,315.3365478515625,0.03178380430154887,0.06892069166978357,0.09381740836916944,0.06883289269785858,-0.009014228957486731,0.060454374329743064,0.015610648152942235,0.005066238034637591,0.0758966411818792,0.03408824220234556,0.08212834872292936,0.0785937987304756,0.03408824220234556
2023-04-07,312.5067443847656,-0.009014228957486731,0.09149812367117474,0.0830581148228489,0.06648320489499757,0.0016337854465208403,0.09296342745239536,0.015752099905646577,0.015103108197733238,0.08140795551625528,0.02876205616000028,0.10892258268911752,0.07821850250506067,0.02876205616000028
2023-04-14,313.0177307128906,0.0016337854465208403,0.040355282491952534,0.07572222194831785,0.03823073206439131,-0.006171800550448074,0.028716199146419024,0.008091230530960522,0.020074971330558015,0.07551835281811191,0.0278177142690161,0.10686580226987728,0.07803160006242874,0.0278177142690161
2023-04-21,311.0918884277344,-0.006171800550448074,0.025106297728842382,0.06549358288307644,0.03823073206439131,0.018618482096051613,0.1354869030432103,0.020908866977435527,0.060957310118633035,0.08042726484002072,0.020908866977435527,0.15022202591896222,0.07975095123541995,0.020908866977435527
2023-04-28,316.93817138671875,0.018618482096051613,0.007499674406029339,0.0758966411818792,0.03823073206439131,0.0010226412056089985,0.09970291891468885,0.01981025531058948,0.07706211068829187,0.08281064739159714,0.01981025531058948,0.11821640160617661,0.07611208648079079,0.021238009093196075
2023-05-05,317.262451171875,0.0010226412056089985,0.01566927179232308,0.08140795551625528,0.03408824220234556,0.006605648579345516,0.0553482190009472,0.006332873688243567,0.0938194744913843,0.07607645130073239,0.017740754770646707,0.13599345299522675,0.0764644169281056,0.03265093399409339
2023-05-12,319.3651428222656,0.006605648579345516,0.01922810093365021,0.07551835281811191,0.03408824220234556,0.03471053823762681,0.06904426541991605,0.0022534205810141534,0.0867908309393191,0.08272973385497998,0.017740754770646707,0.12074224792064328,0.07732981673712791,0.03265093399409339
2023-05-19,330.6449890136719,0.03471053823762681,0.06304407468525063,0.08042726484002072,0.03408824220234556,0.034723282665710516,0.14165636953133767,0.017740754770646707,0.08926471580032934,0.08326211924813824,0.017740754770646707,0.12046359314750978,0.07687662964546865,0.03265093399409339
2023-05-26,342.3277282714844,0.034723282665710516,0.07820985700273796,0.08281064739159714,0.031734895200572225,0.01778000500870139,0.06483963513780179,0.005686055745213018,0.04115429091788483,0.07212293648398259,0.021238009093196075,0.07662430833413729,0.07207031454900925,0.03265093399409339
2023-06-02,348.46893310546875,0.01778000500870139,0.09134525205066209,0.07607645130073239,0.02876205616000028,-0.00042299497271952287,0.0892200651124802,0.017131317728035497,0.04217397850384254,0.07972433832656284,0.03265093399409339,0.07952688550994946,0.07253610599042087,0.03265093399409339
2023-06-09,348.3214416503906,-0.00042299497271952287,0.0813905088460907,0.08272973385497998,0.0278177142690161,0.037184423098637044,0.056911703680940055,0.006292895668992139,0.03395141698132415,0.06960610071430585,0.03265093399409339,0.049663841519720094,0.07174433869101181,0.035516115897317804
2023-06-16,361.5173645019531,0.037184423098637044,0.08591248015451498,0.08326211924813824,0.01981025531058948,-0.013387142216734014,0.0990685242524913,0.015039757046182552,0.031198877347180576,0.07250897415949448,0.026524957112836825,-0.0032330061173128162,0.0722106556963057,0.0505520612279949
2023-06-23,356.7099609375,-0.013387142216734014,0.04115429091788483,0.07212293648398259,0.021238009093196075,0.01879969259465917,0.0686469132451453,0.013405286759693488,0.03547001741625237,0.0709489442076719,0.026209118458133295,-0.01223875959044321,0.0699003173174992,0.07157667039971491
2023-06-30,363.4793701171875,0.01879969259465917,0.041469325907402654,0.07972433832656284,0.03265093399409339,-0.008645556495237896,0.027549384244959545,0.010937267036002727,0.03735290700610682,0.06915411919370022,0.026209118458133295,-0.014725844499696035,0.07459805260783436,0.07157667039971491
2023-07-07,360.3504333496094,-0.008645556495237896,0.017195404787228658,0.06960610071430585,0.03265093399409339,0.034431883464493385,0.05500309497599726,0.00021113861303118724,0.015712424538395768,0.07736816430505421,0.035516115897317804,0.03052009419231344,0.07793260852985913,0.07157667039971491
2023-07-14,372.9742126464844,0.034431883464493385,0.031198877347180576,0.07250897415949448,0.03265093399409339,-0.00911600214766208,0.09626400539362343,0.026209118458133295,-0.034431883464493336,0.07095310396911948,0.0505520612279949,-0.017269068553553837,0.07520909039750862,0.07157667039971491
2023-07-21,369.5894470214844,-0.00911600214766208,0.04896596617756597,0.0709489442076719,0.03265093399409339,0.020682582184513583,0.07177107659993025,0.005702544359491619,-0.04770877700669566,0.06728885372197273,0.06659187969326724,-0.012914904865888978,0.07550488630572895,0.06659187969326724
2023-07-28,377.3132629394531,0.020682582184513583,0.035000944831994174,0.06915411919370022,0.03265093399409339,-0.030286038962948993,0.07029044694151265,0.030337712739284834,-0.052078751505802906,0.0795385523173595,0.06659187969326724,-0.06755915811429991,0.07600062277289459,0.06659187969326724
2023-08-04,366.0572204589844,-0.030286038962948993,0.01538490268282555,0.07736816430505421,0.035516115897317804,-0.015712424538395914,0.0403053045127262,0.02385454265283871,0.014807669653917619,0.08158417581468129,0.045470342632370014,-0.03626792208936024,0.07415445474172354,0.06175385337577138
2023-08-11,360.3504333496094,-0.015712424538395914,-0.04372732803077177,0.07095310396911948,0.0505520612279949,-0.02239289568986441,0.03430598950827478,0.03299583978024325,0.01716281491093943,0.0796394422888089,0.03299583978024325,-0.0027672990809184017,0.07904911398892146,0.06175385337577138
2023-08-18,352.37091064453125,-0.02239289568986441,-0.04930468420692898,0.06728885372197273,0.07157667039971491,0.016312607685406433,0.1157755687228779,0.0213757476999278,0.03479387214080677,0.07998728417479946,0.0213757476999278,0.02121469161463617,0.07613891019486517,0.06175385337577138
2023-08-25,358.1661682128906,0.016312607685406433,-0.05260013811162315,0.0795385523173595,0.07157667039971491,0.03660038219677149,0.07163557302959553,0.001058030433760476,-0.015480406608497045,0.07442378019351147,0.05208568083504186,-0.024771624268604336,0.07398160199795199,0.06175385337577138
2023-09-01,371.5179443359375,0.03660038219677149,0.006376424685954227,0.08158417581468129,0.07157667039971491,-0.013357279281373898,0.03963172291452655,0.015896628679217976,-0.05107559174327779,0.06785544106464485,0.06175385337577138,-0.0879198348914158,0.07786049535744469,0.08969917002320955
2023-09-08,366.5885009765625,-0.013357279281373898,0.006003229254802758,0.0796394422888089,0.07157667039971491,-0.004761838459997233,0.08688548178709801,0.017122753570679557,-0.019930113991857876,0.07946634305485573,0.059764061257946983,-0.011710716895750007,0.08390213826933691,0.0877686431323144
2023-09-15,364.8469543457031,-0.004761838459997233,0.01881089209420233,0.07998728417479946,0.06659187969326724,-0.03396167106389743,0.06595953536116002,0.03453316699769479,-0.013579180526170393,0.07604904384717295,0.044380364930141684,0.021682119806626536,0.08518219491377375,0.07424163277878772
2023-09-22,352.66424560546875,-0.03396167106389743,-0.022979407419189305,0.07442378019351147,0.06659187969326724,0.001005197061990817,0.07221060145908623,0.015016036104424197,-0.00929121766010721,0.0769355629225772,0.04477112968801793,0.07565936160240076,0.08328882651886368,0.07424163277878772
2023-09-29,353.0189208984375,0.001005197061990817,-0.05107559174327779,0.06785544106464485,0.06175385337577138,0.017788198470045914,0.11466585645833859,0.01754967137232148,-0.03684424314813799,0.08813719260688682,0.07424163277878772,0.08360267898796124,0.08277149716067045,0.07424163277878772
2023-10-06,359.3546447753906,0.017788198470045914,-0.03164408859160888,0.07946634305485573,0.06175385337577138,0.0015890950056902475,0.06584428196254308,0.01600120275167825,0.008219397096107943,0.0914251266191697,0.07424163277878772,0.06691776529574914,0.07627413855889685,0.07424163277878772
2023-10-13,359.92620849609375,0.0015890950056902475,-0.01462110344666192,0.07604904384717295,0.06175385337577138,-0.02967370819783416,0.037439359931043116,0.04009093340465365,0.035261300332797105,0.09529400754839934,0.06970582884297596,0.07103123765183622,0.07596191370101466,0.06970582884297596
2023-10-20,349.4027099609375,-0.02967370819783416,-0.01402941352778279,0.0769355629225772,0.06175385337577138,-0.026547828426040077,0.12370586872210716,0.04307614797444075,0.08495057926250799,0.08956213479919897,0.04307614797444075,0.1337357959782441,0.07073951469741657,0.04307614797444075
2023-10-27,340.24884033203125,-0.026547828426040077,-0.04515524569253849,0.08813719260688682,0.08969917002320955,0.06285183871429192,0.04406884880346307,-0.0,0.12044692213609916,0.06634969865013879,0.007695460281354678,0.1697509444660628,0.05983588375158741,0.014859750911708594
2023-11-03,362.320556640625,0.06285183871429192,0.0031322907409310897,0.0914251266191697,0.0877686431323144,0.028630998242379302,0.09235863467381017,0.007695460281354678,0.05869836819964129,0.05966797102849981,0.007695460281354678,0.11021248721441511,0.055979270939414766,0.014859750911708594
2023-11-10,372.843994140625,0.028630998242379302,0.024018287227421775,0.09529400754839934,0.07424163277878772,0.020015570731876743,0.07460402153084918,0.0031185148600919414,0.03576993731903914,0.05339987202372885,0.014562178332824856,0.04990211614127076,0.0568542184454884,0.03698672539165151
2023-11-17,380.3819580078125,0.020015570731876743,0.0819377140812596,0.08956213479919897,0.07424163277878772,0.0089485144475512,0.03580532077864344,0.00580947831212909,0.04878521671573605,0.044900668004381604,0.014562178332824856,0.06166368162373103,0.05527851292514658,0.03698672539165151
2023-11-24,383.8010864257813,0.0089485144475512,0.10924468634579415,0.06634969865013879,0.07424163277878772,0.0011032847778338507,0.019208268768231597,0.0034854567054779847,0.049304022329963657,0.053032972737222926,0.014859750911708594,0.080691937094357,0.06098208569537634,0.03698672539165151
2023-12-01,384.2247924804687,0.0011032847778338507,0.054627161870584424,0.05966797102849981,0.07424163277878772,0.005702567361777204,0.05825220545133054,0.012540392283695766,0.051514119014773936,0.05103819194714757,0.014859750911708594,0.08581366481380101,0.05988539169191026,0.03698672539165151
2023-12-08,386.4220886230469,0.005702567361777204,0.038893324879626906,0.05339987202372885,0.06970582884297596,0.033030850128573576,0.04084841930747001,0.0008669171349650595,0.01413217882223177,0.061486817857401004,0.03698672539165151,0.09230601048981009,0.06790045604262443,0.03698672539165151
2023-12-15,399.39898681640625,0.033030850128573576,0.036683856548397877,0.044900668004381604,0.04307614797444075,0.00946732006177875,0.0815448794867768,0.014859750911708594,0.012878464907995142,0.06621657138707279,0.03698672539165151,0.07784256216286432,0.06764468307574283,0.03698672539165151
2023-12-22,403.1982116699219,0.00946732006177875,0.0501773088253244,0.053032972737222926,0.014859750911708594,0.0033133814626443107,0.023137303690232036,0.004811733024943579,0.03138791476439337,0.07222094297325425,0.03698672539165151,0.053437595304525506,0.06904002994114561,0.03698672539165151
2023-12-29,404.5364074707031,0.0033133814626443107,0.06084099311593504,0.05103819194714757,0.014859750911708594,-0.03167937283076493,0.04266801156780997,0.032330558382190386,0.03429954579902693,0.06144085629046664,0.032330558382190386,0.06444394048957021,0.07400504659795988,0.032330558382190386
2024-01-05,391.92181396484375,-0.03167937283076493,0.005626234342220306,0.061486817857401004,0.03698672539165151,0.031777136214336914,0.01955842424146385,-0.0,0.07817383166757837,0.0684009447598029,0.026112270054586634,0.11613778282261929,0.07002171848947744,0.026175491663446897
2024-01-12,404.575927734375,0.031777136214336914,0.006599692438603667,0.06621657138707279,0.03698672539165151,0.027976769918176953,0.09587442219544717,0.005738037865618879,0.06496409725486922,0.07072480986914823,0.026112270054586634,0.06946143475046648,0.07858470001896782,0.026175491663446897
2024-01-19,416.0545043945313,0.027976769918176953,0.03138791476439337,0.07222094297325425,0.03698672539165151,0.006225012497277837,0.03698424351284652,0.005957484672974681,0.02204968054013205,0.0701120738193194,0.026112270054586634,0.029800028971222508,0.07675717789738644,0.026233607678284643
2024-01-26,418.6524963378906,0.006225012497277837,0.03429954579902693,0.06144085629046664,0.03698672539165151,0.012194913037786451,0.12157984941264956,0.026112270054586634,0.0301443946905433,0.08618193198445258,0.026175491663446897,0.053206685199288076,0.07714730756810796,0.026233607678284643
2024-02-02,423.7892456054687,0.012194913037786451,0.0577165675736782,0.0684009447598029,0.03698672539165151,0.018567401801627754,0.043559689396610236,0.0033097796636716,0.037963951155041024,0.07501790397880367,0.026175491663446897,0.0356884249101153,0.0703855425236638,0.026233607678284643
2024-02-09,431.73138427734375,0.018567401801627754,0.06496409725486922,0.07072480986914823,0.03698672539165151,-0.014937646796560115,0.08593535512371374,0.019448540726801362,0.004497337495597253,0.08773400856272286,0.026175491663446897,0.009116180554326846,0.07308498130837353,0.026233607678284643
2024-02-16,425.3302612304687,-0.014937646796560115,0.020744609961436178,0.0701120738193194,0.03698672539165151,0.014319726647689157,0.13467488514787754,0.01151965578219233,0.0077503484310903585,0.08601587587262172,0.026233607678284643,0.0190466814441407,0.07378759208410099,0.026233607678284643
2024-02-23,431.4646911621094,0.014319726647689157,0.019956141973764583,0.08618193198445258,0.026175491663446897,0.02001446950228425,0.062442201147153,0.005324615371690586,0.023062290508744844,0.07218540824897565,0.026233607678284643,-0.05067353639151103,0.07269658352794017,0.07108294367104863
2024-03-01,440.1871948242187,0.02001446950228425,0.03927007913083884,0.07501790397880367,0.026175491663446897,-0.01489921185781601,0.11579672141950655,0.021453745150028892,-0.002275526244925666,0.06837478982638624,0.026233607678284643,-0.03201454633306683,0.0754535067455182,0.07108294367104863
2024-03-08,433.677490234375,-0.01489921185781601,0.00841765073577341,0.08773400856272286,0.026175491663446897,-0.011684635861066823,0.08281026495397449,0.021953654131851442,0.004618843058729807,0.05968118853520537,0.024732300420705327,-0.006774478234097843,0.07720122543488801,0.07108294367104863
2024-03-15,428.6394653320313,-0.011684635861066823,0.0077503484310903585,0.08601587587262172,0.026233607678284643,0.029631668725343556,0.03415967158744309,-0.0,0.011296333013050261,0.06223788819616193,0.024732300420705327,0.019906750055708886,0.07371030568759854,0.07108294367104863
2024-03-22,441.5309448242187,0.029631668725343556,0.023589015443342437,0.07218540824897565,0.026233607678284643,-0.005323347251386436,0.02525565429328704,0.00685495052420197,-0.07373582690025589,0.07226544202243168,0.07108294367104863,0.011980543803681796,0.07471241510109357,0.07108294367104863
2024-03-29,439.1866455078125,-0.005323347251386436,0.0012989914375857643,0.06837478982638624,0.026233607678284643,-0.008004842554160466,0.08625540983709674,0.021598023982688352,-0.029739020088141093,0.08474310928284143,0.06897650559217465,0.030912799093212324,0.0747939601994249,0.06897650559217465
2024-04-05,435.68511962890625,-0.008004842554160466,0.008338578093405762,0.05968118853520537,0.026233607678284643,-0.00500714590674649,0.1013576072194841,0.015941837225976384,-0.011393321292827678,0.09410490354432534,0.06897650559217465,0.022981829160948895,0.07331475381757224,0.06897650559217465
2024-04-12,433.509033203125,-0.00500714590674649,0.001804273411061794,0.06223788819616193,0.026233607678284643,-0.05540049118796265,0.06502435305800612,0.053893835113054185,0.008610417042658663,0.0814014359472055,0.053893835113054185,0.05480555015571195,0.06773444379231314,0.053893835113054185
2024-04-19,410.1456298828125,-0.05540049118796265,-0.07010013431830524,0.07226544202243168,0.07108294367104863,0.03867345956072849,0.07008212242801368,0.004829696521071926,0.08571637070393766,0.0679036461135174,0.02595030709435441,0.14466253628832645,0.059145412652422,0.02595030709435441
2024-04-26,426.3179931640625,0.03867345956072849,-0.031853760310246615,0.08474310928284143,0.07108294367104863,0.010340856241152892,0.1291290214738835,0.02595030709435441,0.060651819181353275,0.06325413273513372,0.02595030709435441,0.10805287283751007,0.05868316693264866,0.02595030709435441
2024-05-03,430.7493286132813,0.010340856241152892,-0.01168844750344468,0.09410490354432534,0.07108294367104863,0.014996592428740014,0.010583901766956921,0.0005906106706931053,0.03437515045377635,0.04341346219535683,0.019513509649701846,0.09706935001255022,0.04931357960615044,0.02163334763178343
2024-05-10,437.2578430175781,0.014996592428740014,0.0251982273506108,0.0814014359472055,0.07108294367104863,0.021705462473316277,0.05767752345637935,0.0025171307951571903,0.04619513311305307,0.05416677220217091,0.019513509649701846,0.11704102268481013,0.052034917288565324,0.02163334763178343
2024-05-17,446.85247802734375,0.021705462473316277,0.07570986805375207,0.0679036461135174,0.06897650559217465,0.013608908038144091,0.0419821342083604,0.004695058133513693,0.05894616558438879,0.051586495168699106,0.019513509649701846,0.09263111279546382,0.05832745644210263,0.021930113594744886
2024-05-24,452.9752502441406,0.013608908038144091,0.05659986273911581,0.06325413273513372,0.06897650559217465,-0.015935812486423978,0.03227639555140012,0.019513509649701846,0.04740105365615665,0.05691307839835184,0.019513509649701846,0.038648107352201956,0.0703363537255772,0.05511368661236115
2024-05-31,445.8138732910156,-0.015935812486423978,0.023481515151076715,0.04341346219535683,0.06897650559217465,0.026816575088016676,0.07109297309641646,0.0012295700378683252,0.06269419955877377,0.056025360669099605,0.02163334763178343,0.028426223924170626,0.08450375150839484,0.08885391528152971
2024-06-07,457.9308166503906,0.026816575088016676,0.04389043126308135,0.05416677220217091,0.03815820247697889,0.034456494944652055,0.026530664028456864,-0.0,0.07084588957175704,0.052344082572967014,0.02163334763178343,-0.029586619136508438,0.09858485726125876,0.10778186104885218
2024-06-14,473.9844970703125,0.034456494944652055,0.0519975603578927,0.051586495168699106,0.02595030709435441,0.0020637961099120527,0.02933031792636702,0.010366736810887595,0.03368494721107508,0.06495348555810398,0.021930113594744886,-0.06035074063413209,0.10920964622395649,0.13557734543174896
2024-06-21,474.9637756347656,0.0020637961099120527,0.04740105365615665,0.05691307839835184,0.02595030709435441,-0.0006426665838068525,0.048922617864421314,0.011384632307718679,-0.008752946303954649,0.08059430251272538,0.05511368661236115,-0.009194903511836716,0.11512355742922332,0.13557734543174896
2024-06-28,474.6585998535156,-0.0006426665838068525,0.05733926580038094,0.056025360669099605,0.02163334763178343,0.03496826510099976,0.008773187127699216,-0.0,-0.03426797563460302,0.10531021990394887,0.08885391528152971,0.0018559158444450999,0.11733870160623953,0.13557734543174896
2024-07-05,491.5501708984375,0.03496826510099976,0.06681483365181909,0.052344082572967014,0.02163334763178343,-0.0027044474160299024,0.10432352386434922,0.021930113594744886,-0.10043250870826534,0.12127959278879193,0.10778186104885218,-0.040913529159388534,0.11600858712104488,0.13557734543174896
2024-07-12,490.2226867675781,-0.0027044474160299024,0.02150957362756337,0.06495348555810398,0.021930113594744886,-0.04037409740511771,0.09549533201202583,0.04251124296769539,-0.09403568784520723,0.13781221830863435,0.12404808774749719,-0.09786171913446855,0.12246043907130033,0.12404808774749719
2024-07-19,470.8245849609375,-0.04037409740511771,0.0026969870219551817,0.08059430251272538,0.05511368661236115,-0.02615769591445519,0.14148017351983727,0.049863253659209204,-0.0004419572078820552,0.1429712615240488,0.09858611890043718,0.0002105044447348558,0.12175232252074072,0.09858611890043718
2024-07-26,458.6685485839844,-0.02615769591445519,-0.04011597513338556,0.10531021990394887,0.08885391528152971,-0.03119626797266254,0.18358078263796523,0.04738152232644179,0.03612389147904806,0.1318402464503882,0.0770586728606836,0.04119434368431473,0.11615835430706364,0.0770586728606836
2024-08-02,444.5807189941406,-0.03119626797266254,-0.10280788863254883,0.12127959278879193,0.10778186104885218,0.003692373447028212,0.1217899466983311,0.03115323839478529,0.05951897954887687,0.09144159702480481,0.03115323839478529,0.08268894830936678,0.09399991470681181,0.07007237068366448
2024-08-09,446.2252502441406,0.003692373447028212,-0.09671995764168706,0.13781221830863435,0.13557734543174896,0.05321963323220737,0.0996565973557516,-0.0,-0.003826031289261365,0.10870917725512055,0.07007237068366448,0.08016690766282276,0.08919378373401762,0.07007237068366448
2024-08-16,470.6165161132813,0.05321963323220737,-0.015229942320495297,0.1429712615240488,0.13557734543174896,0.01040815277247496,0.08286015896568913,0.015854848256120033,0.0006524616526167771,0.1002631130062435,0.07007237068366448,0.0392653885252649,0.082205313525438,0.07007237068366448
2024-08-23,475.5403137207031,0.01040815277247496,0.03411707739751558,0.1318402464503882,0.13557734543174896,-0.007801179902833643,0.06975648006961792,0.01945835926519148,0.0050704522052666895,0.10281070715773283,0.06522911013157971,0.03110470012832149,0.08026092788160637,0.06522911013157971
2024-08-30,471.8450012207031,-0.007801179902833643,0.08978872059431356,0.09144159702480481,0.13557734543174896,-0.05965263739110991,0.11031039998682868,0.05790827580680348,0.02316996876048994,0.08187692613605416,0.05790827580680348,0.04062336686672096,0.07119292344800372,0.05790827580680348
2024-09-06,444.5212097167969,-0.05965263739110991,-0.0059773329933187555,0.10870917725512055,0.12404808774749719,0.05769812617408564,0.052180056950651914,-0.0,0.08399293895208401,0.06637831095039812,0.01675280043413041,0.08421863728298823,0.06978430649899034,0.032609586754170056
2024-09-13,470.9236450195313,0.05769812617408564,-0.012397984711578193,0.1002631130062435,0.09858611890043718,0.014826143325124767,0.09795289124975419,0.008204661884631727,0.03861292687264784,0.06392116579860337,0.01675280043413041,0.07986960211367743,0.07360535397044528,0.032609586754170056
2024-09-20,477.9576721191406,0.014826143325124767,0.014826143325124767,0.10281070715773283,0.0770586728606836,0.010298336652389389,0.04088918272242642,0.005557034149443841,0.026034247923054796,0.05698188534925681,0.01675280043413041,0.030272209864124957,0.07493950946900335,0.034173675199316224
2024-09-27,482.9053039550781,0.010298336652389389,0.02316996876048994,0.08187692613605416,0.07007237068366448,0.001170332800484309,0.07662220736453887,0.01393240406102006,0.01745339810623111,0.06287239179478785,0.018371868622596457,0.03837094007475412,0.07474996727016808,0.034173675199316224
2024-10-04,483.47076416015625,0.001170332800484309,0.07121531286206247,0.06637831095039812,0.07007237068366448,0.012318114094649387,0.05127123305820491,0.010711654884969862,0.0002256983309042518,0.07161154272506222,0.032609586754170056,0.04497982143214115,0.07258646569908235,0.034173675199316224
2024-10-11,489.4630737304687,0.012318114094649387,0.04304076969377226,0.06392116579860337,0.07007237068366448,0.002247464375531558,0.06103798998452647,0.01336683378558037,0.04125667524102965,0.08502909597491733,0.032609586754170056,0.06497428532572239,0.07265793337912933,0.034173675199316224
2024-10-18,490.5643005371094,0.002247464375531558,0.02338702383580709,0.05698188534925681,0.058876521548557104,0.001717486835565817,0.07696805386162794,0.01532377252252322,0.004237961941070137,0.092578743115871,0.034173675199316224,0.07039009064119348,0.07476210377902802,0.034173675199316224
2024-10-25,491.4076232910156,0.001717486835565817,0.014745211005947754,0.06287239179478785,0.028409896642167934,-0.016057366974842703,0.11711016783138857,0.032609586754170056,0.020917541968523058,0.0885358110057735,0.034173675199316224,0.0460446557835695,0.08689587934984198,0.044595730641953824
2024-11-01,483.5798950195313,-0.016057366974842703,0.010995135994299235,0.07161154272506222,0.032609586754170056,0.0533490910047748,0.0759604591061054,0.002913237240616739,0.04475412310123705,0.07652446398278971,0.034173675199316224,0.07120429882379367,0.08386386306259108,0.044595730641953824
2024-11-08,510.0789794921875,0.0533490910047748,0.032900185718264675,0.08502909597491733,0.032609586754170056,-0.034771248924427914,0.07709242777042664,0.034173675199316224,0.023717610084692895,0.06178274864930441,0.034173675199316224,0.01020965409023894,0.080935456746609,0.05038797484879509
2024-11-15,492.6477355957031,-0.034771248924427914,0.002318600665565915,0.092578743115871,0.034173675199316224,0.01839706686301881,0.022761936900540743,0.0005759125932581567,0.06615212870012338,0.05219071671046533,0.011168635552831568,0.022772375175783614,0.08228141832604986,0.05604589852546923
2024-11-22,501.79486083984375,0.01839706686301881,0.02075602673797181,0.0885358110057735,0.034173675199316224,0.007779214157871413,0.06345940745942637,0.007873530673696498,0.02512711381504639,0.09018238319582263,0.044595730641953824,0.032658989400908826,0.0891721386374201,0.0599728592508321
2024-11-29,505.7136840820313,0.007779214157871413,0.047671612077013835,0.07652446398278971,0.034173675199316224,0.032312577988230735,0.04784186075832839,0.0027711884812617335,0.02645017572255653,0.09330364244638202,0.044595730641953824,0.03988910466706498,0.08874869130334288,0.0599728592508321
2024-12-06,522.3214111328125,0.032312577988230735,0.02430129379892095,0.06178274864930441,0.034173675199316224,0.007663269691002601,0.07971979468472142,0.011168635552831568,-0.013507955994454002,0.09986340418293296,0.05038797484879509,-0.006379244624391371,0.0956136212471666,0.0599728592508321
2024-12-13,526.3395385742188,0.007663269691002601,0.05922865477614627,0.05219071671046533,0.034173675199316224,-0.022627948022058173,0.1395940977078668,0.044595730641953824,-0.04337975352433992,0.10088892480950913,0.05604589852546923,-0.012836885772284532,0.09375745169255272,0.0599728592508321
2024-12-20,514.5632934570312,-0.022627948022058173,0.023546699846992706,0.09018238319582263,0.044595730641953824,0.009102276065381384,0.09685861639234825,0.013963330119442464,0.007531875585862379,0.09202467610180527,0.04694685582842528,0.0384999558582521,0.08349472415476274,0.04694685582842528
2024-12-27,519.2683715820312,0.009102276065381384,0.01562117298313066,0.09330364244638202,0.044595730641953824,-0.007645553728779942,0.09250363774659774,0.023595291931667022,0.013438928944508422,0.08512312359776493,0.03709907892676859,0.006713669037702754,0.08289819484464496,0.03709907892676859
2025-01-03,515.3134155273438,-0.007645553728779942,-0.005689881504872041,0.09986340418293296,0.05038797484879509,-0.022208527838883184,0.07155125840453667,0.033076563048709186,0.007128711370062687,0.09497389139726257,0.03709907892676859,-0.020278138879062022,0.08917585368436408,0.07274981625298173
