week_end,DFII10,DGS2,BAMLH0A0HYM2,NFCI,VIXCLS,USEPUINDXD,AI_GPR
2000-01-07,,6.31,,-0.182,21.72,42.03,66.84
2000-01-14,,6.44,,-0.194,19.66,15.12,48.37
2000-01-21,,6.48,,-0.204,20.82,81.45,63.15
2000-01-28,,6.58,,-0.211,26.14,85.4,55.22
2000-02-04,,6.63,,-0.213,21.54,77.9,79.25
2000-02-11,,6.65,,-0.211,24.42,48.11,64.0
2000-02-18,,6.66,,-0.203,26.0,4.81,63.85
2000-02-25,,6.45,,-0.19,25.2,24.16,75.83
2000-03-03,,6.5,,-0.174,19.21,137.1,57.13
2000-03-10,,6.55,,-0.154,21.24,32.53,50.04
2000-03-17,,6.5,,-0.132,22.37,57.01,58.21
2000-03-24,,6.64,,-0.11,23.31,48.44,51.24
2000-03-31,,6.5,,-0.089,24.11,69.33,56.34
2000-04-07,,6.38,,-0.074,24.39,39.52,43.85
2000-04-14,,6.27,,-0.06,33.49,38.4,69.92
2000-04-21,,6.38,,-0.047,25.85,25.06,57.04
2000-04-28,,6.68,,-0.033,26.2,34.08,50.3
2000-05-05,,6.84,,-0.017,27.53,66.16,59.54
2000-05-12,,6.91,,-0.002,26.05,74.96,62.42
2000-05-19,,6.86,,0.012,25.44,89.47,76.23
2000-05-26,,6.69,,0.024,24.47,67.7,54.86
2000-06-02,,6.52,,0.032,21.48,90.53,46.67
2000-06-09,,6.56,,0.033,22.14,44.63,78.61
2000-06-16,,6.38,,0.028,20.5,55.54,95.57
2000-06-23,,6.55,,0.016,22.34,31.14,57.53
2000-06-30,,6.38,,-0.002,19.54,47.4,52.62
2000-07-07,,6.29,,-0.026,19.22,36.62,59.8
2000-07-14,,6.41,,-0.056,19.32,51.37,46.49
2000-07-21,,6.32,,-0.086,18.94,40.18,63.99
2000-07-28,,6.3,,-0.116,20.84,64.9,49.49
2000-08-04,,6.15,,-0.144,18.62,25.33,51.7
2000-08-11,,6.25,,-0.168,18.55,25.45,43.97
2000-08-18,,6.27,,-0.186,17.05,34.8,40.76
2000-08-25,,6.19,,-0.199,16.53,21.61,49.44
2000-09-01,,6.09,,-0.206,17.53,21.4,52.14
2000-09-08,,6.11,,-0.208,18.46,79.54,43.71
2000-09-15,,6.07,,-0.207,18.52,46.02,56.2
2000-09-22,,6.09,,-0.203,20.74,49.24,43.2
2000-09-29,,5.98,,-0.197,20.57,99.0,47.42
2000-10-06,,5.98,,-0.19,22.71,26.7,67.32
2000-10-13,,5.84,,-0.183,27.6,88.52,136.8
2000-10-20,,5.84,,-0.176,24.24,50.73,71.19
2000-10-27,,5.94,,-0.169,26.47,87.77,60.26
2000-11-03,,5.94,,-0.159,23.67,17.41,41.33
2000-11-10,,5.92,,-0.146,28.53,118.95,51.02
2000-11-17,,5.88,,-0.128,24.81,182.25,36.28
2000-11-24,,5.86,,-0.107,26.0,67.43,77.63
2000-12-01,,5.62,,-0.087,27.48,77.21,50.75
2000-12-08,,5.5,,-0.072,22.41,156.11,60.18
2000-12-15,,5.38,,-0.067,26.55,85.5,52.47
2000-12-22,,5.1,,-0.072,27.55,55.94,45.7
2000-12-29,,5.11,,-0.092,26.85,133.91,55.18
2001-01-05,,4.56,,-0.121,28.67,85.79,50.96
2001-01-12,,4.9,,-0.156,24.56,77.79,42.34
2001-01-19,,4.75,,-0.193,23.24,124.86,51.03
2001-01-26,,4.78,,-0.226,22.57,71.03,41.05
2001-02-02,,4.65,,-0.253,21.95,127.88,46.99
2001-02-09,,4.67,,-0.271,22.03,245.5,53.16
2001-02-16,,4.75,,-0.28,22.12,96.07,40.45
2001-02-23,,4.53,,-0.279,27.21,171.87,63.47
2001-03-02,,4.48,,-0.273,27.43,135.22,54.47
2001-03-09,,4.47,,-0.265,25.62,210.32,57.22
2001-03-16,,4.26,,-0.256,29.91,192.45,46.48
2001-03-23,,4.24,,-0.252,30.45,115.75,67.07
2001-03-30,,4.18,,-0.255,28.64,212.9,59.0
2001-04-06,,4.07,,-0.265,31.69,82.93,63.18
2001-04-13,,4.36,,-0.284,26.12,45.79,73.9
2001-04-20,,4.26,,-0.308,25.38,180.25,53.29
2001-04-27,,4.28,,-0.335,24.02,109.24,42.95
2001-05-04,,4.14,,-0.363,23.91,44.09,56.13
2001-05-11,,4.36,,-0.388,23.54,116.19,67.26
2001-05-18,,4.37,,-0.408,21.23,76.71,55.2
2001-05-25,,4.31,,-0.423,20.6,213.5,56.42
2001-06-01,,4.22,,-0.435,21.59,60.75,58.27
2001-06-08,,4.17,,-0.442,19.92,105.15,46.69
2001-06-15,,4.01,,-0.448,22.81,46.69,70.27
2001-06-22,,3.93,,-0.454,20.02,91.4,56.73
2001-06-29,,4.25,,-0.461,19.06,53.56,79.1
2001-07-06,,4.16,,-0.47,21.63,60.65,76.17
2001-07-13,,4.12,,-0.48,21.14,43.77,63.37
2001-07-20,,3.98,,-0.491,22.34,42.61,66.74
2001-07-27,,3.87,,-0.5,22.0,70.18,60.38
2001-08-03,,3.91,,-0.505,19.89,177.49,58.97
2001-08-10,,3.73,,-0.5,20.55,18.89,71.87
2001-08-17,,3.67,,-0.486,23.84,28.23,51.85
2001-08-24,,3.76,,-0.463,19.71,64.24,63.96
2001-08-31,,3.64,,-0.432,24.92,61.89,49.79
2001-09-07,,3.53,,-0.399,30.99,120.21,58.51
2001-09-14,,2.87,,-0.367,31.84,232.8,423.2
2001-09-21,,2.91,,-0.345,42.66,560.12,299.53
2001-09-28,,2.86,,-0.338,31.93,182.66,197.06
2001-10-05,,2.71,,-0.34,33.39,262.75,202.91
2001-10-12,,2.81,,-0.352,35.27,189.51,220.32
2001-10-19,,2.77,,-0.367,34.11,143.42,202.83
2001-10-26,,2.63,,-0.383,28.42,240.05,194.48
2001-11-02,,2.48,,-0.395,30.71,150.01,183.82
2001-11-09,,2.45,,-0.4,27.44,134.25,162.88
2001-11-16,,3.09,,-0.398,25.07,100.63,156.3
2001-11-23,,3.2,,-0.388,23.25,97.57,136.09
2001-11-30,,2.84,,-0.375,23.84,116.56,138.9
2001-12-07,,3.19,,-0.362,23.49,130.29,131.3
2001-12-14,,3.2,,-0.356,24.63,79.78,154.41
2001-12-21,,3.17,,-0.358,22.5,138.71,126.56
2001-12-28,,3.16,,-0.371,21.4,173.46,125.58
2002-01-04,,3.19,,-0.391,20.45,104.44,97.78
2002-01-11,,2.76,,-0.417,22.6,85.57,110.28
2002-01-18,,2.91,,-0.442,22.52,49.01,99.97
2002-01-25,,3.17,,-0.463,21.01,108.27,98.28
2002-02-01,,3.08,,-0.478,21.12,52.7,107.58
2002-02-08,,2.95,,-0.488,23.26,172.46,80.72
2002-02-15,,2.97,,-0.492,22.37,50.85,93.17
2002-02-22,,2.97,,-0.493,22.86,92.85,113.43
2002-03-01,,3.18,,-0.492,19.96,46.41,110.91
2002-03-08,,3.6,,-0.491,19.27,149.25,92.36
2002-03-15,,3.63,,-0.491,18.42,51.25,127.72
2002-03-22,,3.77,,-0.496,17.77,79.99,102.71
2002-03-29,,3.72,,-0.504,17.4,71.02,104.49
2002-04-05,,3.49,,-0.517,19.13,49.59,137.99
2002-04-12,,3.41,,-0.536,19.42,72.29,140.85
2002-04-19,,3.36,,-0.557,18.3,50.21,117.35
2002-04-26,,3.22,,-0.58,22.14,75.33,94.34
2002-05-03,,3.17,,-0.602,20.19,73.66,100.36
2002-05-10,,3.19,,-0.618,22.41,92.73,112.01
2002-05-17,,3.41,,-0.629,17.7,40.36,90.33
2002-05-24,,3.28,,-0.631,18.9,84.95,114.77
2002-05-31,,3.22,,-0.625,19.98,76.14,83.33
2002-06-07,,3.16,,-0.611,23.51,67.46,117.07
2002-06-14,,2.92,,-0.591,25.96,66.96,99.41
2002-06-21,,2.88,,-0.566,27.23,71.26,107.13
2002-06-28,,2.9,,-0.539,25.4,150.69,70.02
2002-07-05,,2.9,,-0.511,27.11,83.61,116.19
2002-07-12,,2.56,,-0.484,32.94,71.33,77.59
2002-07-19,,2.48,,-0.461,38.17,90.07,97.41
2002-07-26,,2.2,,-0.441,35.51,194.94,71.46
2002-08-02,,1.99,,-0.426,41.29,111.99,111.99
2002-08-09,,2.1,,-0.415,35.33,98.0,105.02
2002-08-16,,2.28,,-0.408,28.81,226.57,81.22
2002-08-23,,2.19,,-0.399,29.32,32.99,96.34
2002-08-30,,2.14,,-0.391,32.64,90.03,96.02
2002-09-06,,2.08,,-0.38,36.33,81.03,118.18
2002-09-13,,2.07,,-0.37,35.82,194.68,142.77
2002-09-20,,1.94,,-0.361,38.98,81.92,134.26
2002-09-27,,1.82,,-0.355,36.97,237.41,121.1
2002-10-04,,1.78,,-0.354,39.46,80.56,122.04
2002-10-11,,1.85,,-0.36,35.7,76.01,144.89
2002-10-18,,2.09,,-0.372,33.53,221.31,153.27
2002-10-25,,1.98,,-0.388,30.0,71.04,129.54
2002-11-01,,1.76,,-0.406,29.3,154.66,97.57
2002-11-08,,1.87,,-0.424,29.41,287.05,100.97
2002-11-15,,1.91,,-0.439,26.65,134.51,145.5
2002-11-22,,2.1,,-0.449,23.16,76.16,101.36
2002-11-29,,2.08,,-0.456,27.5,132.48,121.79
2002-12-06,,1.89,,-0.458,28.88,96.58,87.89
2002-12-13,,1.87,,-0.462,28.18,57.52,99.54
2002-12-20,,1.76,,-0.466,26.71,173.39,139.58
2002-12-27,,1.6,,-0.472,29.55,226.97,133.38
2003-01-03,2.43,1.79,,-0.483,24.68,357.74,122.08
2003-01-10,2.41,1.79,,-0.496,24.32,148.58,124.44
2003-01-17,2.25,1.7,,-0.508,25.7,33.84,110.86
2003-01-24,2.14,1.66,,-0.518,31.51,58.02,114.16
2003-01-31,2.19,1.72,,-0.525,31.17,126.75,149.9
2003-02-07,2.07,1.63,,-0.529,34.01,146.85,139.18
2003-02-14,2.03,1.62,,-0.532,32.62,147.79,157.05
2003-02-21,1.93,1.63,,-0.534,30.25,171.85,129.32
2003-02-28,1.77,1.53,,-0.538,29.63,204.15,122.41
2003-03-07,1.72,1.39,,-0.545,31.08,191.46,160.77
2003-03-14,1.89,1.56,,-0.555,30.98,353.47,178.29
2003-03-21,2.29,1.8,,-0.57,28.67,187.17,316.51
2003-03-28,2.09,1.56,,-0.589,27.75,165.68,217.7
2003-04-04,2.16,1.55,,-0.612,29.13,151.01,253.97
2003-04-11,2.23,1.65,,-0.638,24.44,179.25,206.46
2003-04-18,2.22,1.71,,-0.662,21.5,196.6,159.24
2003-04-25,2.18,1.57,,-0.683,20.8,146.9,121.18
2003-05-02,2.19,1.56,,-0.699,20.63,71.48,111.19
2003-05-09,2.0,1.45,,-0.709,19.69,161.78,95.93
2003-05-16,1.84,1.38,,-0.713,18.4,65.12,95.85
2003-05-23,1.72,1.38,,-0.714,19.17,137.56,90.1
2003-05-30,1.77,1.33,,-0.713,19.47,45.16,91.86
2003-06-06,1.76,1.27,,-0.711,21.25,70.49,116.16
2003-06-13,1.51,1.1,,-0.71,20.66,60.21,96.12
2003-06-20,1.77,1.22,,-0.711,19.14,78.91,107.8
2003-06-27,1.9,1.38,,-0.714,19.16,73.68,89.64
2003-07-04,2.09,1.32,,-0.717,19.39,71.32,106.06
2003-07-11,1.88,1.29,,-0.718,18.47,51.33,74.77
2003-07-18,2.04,1.51,,-0.717,19.11,97.04,116.67
2003-07-25,2.14,1.52,,-0.712,17.75,122.79,93.1
2003-08-01,2.4,1.85,,-0.702,20.75,207.13,89.15
2003-08-08,2.27,1.72,,-0.692,19.59,67.18,95.88
2003-08-15,2.36,1.85,,-0.682,18.27,40.28,108.98
2003-08-22,2.26,1.97,,-0.674,18.55,90.8,100.52
2003-08-29,2.29,1.95,,-0.669,18.63,54.62,86.93
2003-09-05,2.17,1.72,,-0.668,18.17,95.24,78.45
2003-09-12,2.18,1.66,,-0.67,18.68,43.23,83.41
2003-09-19,2.17,1.7,,-0.675,17.54,104.32,94.58
2003-09-26,1.99,1.6,,-0.682,22.23,50.33,92.56
2003-10-03,2.16,1.65,,-0.689,19.5,81.03,93.16
2003-10-10,2.14,1.65,,-0.698,18.45,68.4,76.44
2003-10-17,2.14,1.9,,-0.706,17.62,17.54,78.9
2003-10-24,1.92,1.76,,-0.711,17.71,54.29,73.0
2003-10-31,1.93,1.85,,-0.716,16.1,73.24,69.78
2003-11-07,2.1,2.04,,-0.718,16.93,48.96,92.03
2003-11-14,1.87,1.84,,-0.718,16.94,34.92,70.28
2003-11-21,1.93,1.84,,-0.717,18.98,55.74,97.18
2003-11-28,2.03,2.06,,-0.716,16.32,30.82,98.33
2003-12-05,1.92,1.88,,-0.714,17.09,38.89,80.81
2003-12-12,1.91,1.84,,-0.715,16.41,46.88,98.15
2003-12-19,1.95,1.82,,-0.718,16.42,51.86,115.59
2003-12-26,1.94,1.82,,-0.724,17.45,74.45,103.08
2004-01-02,2.06,1.94,,-0.734,18.22,100.27,89.61
2004-01-09,1.89,1.68,,-0.747,16.75,82.32,80.05
2004-01-16,1.83,1.7,,-0.761,15.0,70.17,58.18
2004-01-23,1.82,1.71,,-0.774,14.84,31.16,76.57
2004-01-30,1.85,1.84,,-0.786,16.63,90.59,93.25
2004-02-06,1.79,1.77,,-0.796,16.0,48.71,89.95
2004-02-13,1.74,1.7,,-0.805,15.58,48.27,70.28
2004-02-20,1.79,1.75,,-0.811,16.04,98.7,64.39
2004-02-27,1.61,1.66,,-0.815,14.55,56.26,78.25
2004-03-05,1.46,1.57,,-0.816,14.48,107.18,64.75
2004-03-12,1.52,1.54,,-0.814,18.3,101.09,89.29
2004-03-19,1.44,1.56,,-0.81,19.15,56.61,119.49
2004-03-26,1.47,1.59,,-0.803,17.33,77.4,82.89
2004-04-02,1.69,1.86,,-0.795,15.64,46.53,89.75
2004-04-09,1.8,1.88,,-0.784,16.26,55.28,117.16
2004-04-16,1.87,2.03,,-0.77,14.94,87.15,106.4
2004-04-23,2.12,2.29,,-0.755,14.01,106.92,84.65
2004-04-30,2.11,2.31,,-0.74,17.19,43.95,97.64
2004-05-07,2.24,2.64,,-0.725,18.13,36.88,93.24
2004-05-14,2.16,2.59,,-0.713,18.47,100.72,108.73
2004-05-21,2.04,2.6,,-0.703,18.49,40.7,100.96
2004-05-28,2.0,2.54,,-0.696,15.5,44.69,111.67
2004-06-04,2.11,2.7,,-0.691,16.78,99.63,94.76
2004-06-11,2.18,2.81,,-0.688,15.04,49.71,94.49
2004-06-18,2.15,2.81,,-0.687,14.99,109.3,101.21
2004-06-25,2.16,2.74,,-0.687,15.19,114.71,114.27
2004-07-02,1.96,2.54,,-0.688,15.08,30.01,85.34
2004-07-09,2.02,2.55,,-0.69,15.78,37.39,105.46
2004-07-16,1.94,2.54,,-0.692,14.34,51.54,84.68
2004-07-23,2.0,2.69,,-0.694,16.5,46.7,119.8
2004-07-30,2.01,2.68,,-0.696,15.32,43.96,88.98
2004-08-06,1.82,2.4,,-0.697,19.34,25.75,110.35
2004-08-13,1.77,2.47,,-0.699,17.98,64.7,93.24
2004-08-20,1.79,2.46,,-0.701,16.0,21.29,81.56
2004-08-27,1.86,2.48,,-0.702,14.71,74.96,81.69
2004-09-03,1.88,2.61,,-0.701,13.91,152.34,102.96
2004-09-10,1.83,2.5,,-0.701,13.76,64.71,92.85
2004-09-17,1.85,2.53,,-0.701,14.03,69.1,106.86
2004-09-24,1.78,2.62,,-0.7,14.28,82.95,99.85
2004-10-01,1.83,2.63,,-0.7,12.75,71.57,91.4
2004-10-08,1.78,2.61,,-0.7,15.05,124.11,95.19
2004-10-15,1.7,2.53,,-0.7,15.04,65.62,79.1
2004-10-22,1.64,2.55,,-0.703,15.28,66.65,75.77
2004-10-29,1.63,2.56,,-0.706,16.27,54.06,75.24
2004-11-05,1.71,2.8,,-0.71,13.84,59.0,84.14
2004-11-12,1.71,2.86,,-0.714,13.33,27.22,113.35
2004-11-19,1.67,2.95,,-0.716,13.5,103.83,62.64
2004-11-26,1.66,3.03,,-0.716,12.79,36.99,137.52
2004-12-03,1.73,2.94,,-0.715,12.96,39.87,88.83
2004-12-10,1.66,2.95,,-0.712,12.76,30.91,67.0
2004-12-17,1.64,3.03,,-0.707,11.95,20.78,78.96
2004-12-24,1.62,3.02,,-0.702,11.23,25.02,89.88
2004-12-31,1.68,3.08,,-0.698,13.29,24.36,60.11
2005-01-07,1.8,3.2,,-0.696,13.49,17.36,60.4
2005-01-14,1.72,3.24,,-0.696,12.43,62.75,69.39
2005-01-21,1.69,3.16,,-0.698,14.36,40.99,85.77
2005-01-28,1.65,3.25,,-0.703,13.24,26.0,79.23
2005-02-04,1.65,3.29,,-0.708,11.21,67.62,60.78
2005-02-11,1.57,3.34,,-0.712,11.43,29.91,71.08
2005-02-18,1.67,3.45,,-0.713,11.18,60.19,64.92
2005-02-25,1.64,3.54,,-0.71,11.49,36.99,59.22
2005-03-04,1.65,3.57,,-0.703,11.94,64.3,70.34
2005-03-11,1.82,3.73,,-0.693,12.8,42.27,72.08
2005-03-18,1.77,3.72,,-0.68,13.14,91.76,68.41
2005-03-25,1.9,3.88,,-0.665,13.42,24.56,59.7
2005-04-01,1.77,3.75,,-0.651,14.09,50.36,65.62
2005-04-08,1.84,3.77,,-0.638,12.62,25.21,53.42
2005-04-15,1.67,3.54,,-0.626,17.74,42.5,54.37
2005-04-22,1.61,3.62,,-0.617,15.38,44.85,41.91
2005-04-29,1.61,3.66,,-0.61,15.31,81.09,48.61
2005-05-06,1.69,3.73,,-0.605,14.05,83.03,64.46
2005-05-13,1.66,3.61,,-0.601,16.32,46.95,79.16
2005-05-20,1.67,3.69,,-0.599,13.14,38.2,72.08
2005-05-27,1.67,3.64,,-0.6,12.15,57.98,66.31
2005-06-03,1.61,3.57,,-0.6,12.15,25.96,64.14
2005-06-10,1.74,3.71,,-0.602,11.96,63.21,51.28
2005-06-17,1.72,3.72,,-0.603,11.48,48.07,74.18
2005-06-24,1.65,3.59,,-0.604,12.18,81.42,56.29
2005-07-01,1.75,3.76,,-0.606,11.4,74.68,75.5
2005-07-08,1.83,3.78,,-0.608,11.45,44.41,171.04
2005-07-15,1.95,3.86,,-0.611,10.33,33.7,85.52
2005-07-22,1.89,3.92,,-0.613,10.52,214.8,106.22
2005-07-29,1.92,4.02,,-0.614,11.57,38.96,75.57
2005-08-05,2.0,4.11,,-0.613,12.48,12.61,95.58
2005-08-12,1.91,4.05,,-0.611,12.74,37.33,75.33
2005-08-19,1.85,4.03,,-0.606,13.42,12.89,72.32
2005-08-26,1.81,4.06,,-0.599,13.72,61.91,48.04
2005-09-02,1.59,3.75,,-0.591,13.57,69.76,52.44
2005-09-09,1.64,3.88,,-0.583,11.98,192.95,46.27
2005-09-16,1.73,3.97,,-0.576,11.22,57.22,50.92
2005-09-23,1.74,4.02,,-0.57,12.96,21.39,68.79
2005-09-30,1.78,4.18,,-0.567,11.92,71.1,62.62
2005-10-07,1.9,4.18,,-0.568,14.59,108.26,76.31
2005-10-14,1.98,4.27,,-0.572,14.87,24.35,59.52
2005-10-21,1.89,4.22,,-0.578,16.13,49.41,56.89
2005-10-28,2.01,4.4,,-0.584,14.25,66.07,50.62
2005-11-04,2.06,4.47,,-0.588,13.17,70.41,61.02
2005-11-11,2.07,4.44,,-0.589,11.63,30.8,63.18
2005-11-18,2.09,4.4,,-0.587,11.12,70.69,72.04
2005-11-25,2.05,4.33,,-0.582,10.88,67.52,57.31
2005-12-02,2.16,4.43,,-0.575,11.01,66.0,53.82
2005-12-09,2.18,4.43,,-0.569,11.69,55.18,71.98
2005-12-16,2.11,4.37,,-0.564,10.68,27.03,60.91
2005-12-23,2.07,4.37,,-0.563,10.27,67.06,67.16
2005-12-30,2.06,4.41,,-0.564,12.07,108.0,72.43
2006-01-06,2.05,4.36,,-0.571,11.0,36.95,72.2
2006-01-13,1.97,4.34,,-0.581,11.23,62.06,57.88
2006-01-20,1.94,4.37,,-0.591,14.56,33.31,68.28
2006-01-27,2.02,4.51,,-0.603,11.97,26.34,83.91
2006-02-03,2.0,4.59,,-0.614,12.96,46.18,76.16
2006-02-10,2.09,4.69,,-0.623,12.87,42.19,79.39
2006-02-17,2.03,4.66,,-0.629,12.01,89.5,66.57
2006-02-24,2.02,4.74,,-0.633,11.46,92.74,73.88
2006-03-03,2.07,4.76,,-0.634,11.96,103.63,80.24
2006-03-10,2.23,4.74,,-0.634,11.85,111.33,64.06
2006-03-17,2.16,4.65,,-0.633,12.12,40.63,62.44
2006-03-24,2.2,4.72,,-0.631,11.19,40.62,59.6
2006-03-31,2.35,4.82,,-0.629,11.39,31.92,51.61
2006-04-07,2.43,4.89,,-0.626,12.26,67.84,47.36
2006-04-14,2.48,4.96,,-0.624,12.38,37.78,60.63
2006-04-21,2.39,4.9,,-0.622,11.59,27.01,68.87
2006-04-28,2.39,4.87,,-0.619,11.59,137.52,57.29
2006-05-05,2.45,4.94,,-0.614,11.62,44.7,73.88
2006-05-12,2.47,5.01,,-0.607,14.19,24.82,51.07
2006-05-19,2.43,4.96,,-0.596,17.18,63.98,65.24
2006-05-26,2.44,4.96,,-0.582,14.26,125.22,60.0
2006-06-02,2.37,4.92,,-0.568,14.32,82.2,66.77
2006-06-09,2.45,5.01,,-0.555,18.12,131.22,88.3
2006-06-16,2.54,5.16,,-0.543,17.25,45.45,80.95
2006-06-23,2.64,5.27,,-0.534,15.89,46.92,78.86
2006-06-30,2.54,5.16,,-0.53,13.08,136.32,79.03
2006-07-07,2.55,5.17,,-0.53,13.97,74.54,82.82
2006-07-14,2.5,5.08,,-0.536,18.05,37.94,121.13
2006-07-21,2.49,5.08,,-0.546,17.4,101.59,113.12
2006-07-28,2.41,4.98,,-0.56,14.33,26.23,94.61
2006-08-04,2.3,4.91,,-0.574,14.34,67.56,109.92
2006-08-11,2.33,4.96,,-0.587,14.3,35.19,210.85
2006-08-18,2.26,4.87,,-0.597,11.64,22.36,92.35
2006-08-25,2.24,4.86,,-0.604,12.31,171.63,91.42
2006-09-01,2.25,4.77,,-0.607,11.96,29.55,95.55
2006-09-08,2.35,4.8,,-0.607,13.16,125.53,72.18
2006-09-15,2.38,4.87,,-0.606,11.76,54.24,69.33
2006-09-22,2.27,4.67,,-0.605,12.59,39.32,74.62
2006-09-29,2.27,4.71,,-0.606,11.98,29.88,84.26
2006-10-06,2.37,4.74,,-0.61,11.56,20.41,72.33
2006-10-13,2.47,4.87,,-0.616,10.75,23.62,96.82
2006-10-20,2.49,4.87,,-0.622,10.63,88.78,71.69
2006-10-27,2.37,4.76,,-0.628,10.8,54.44,63.54
2006-11-03,2.4,4.82,,-0.632,11.16,18.12,66.41
2006-11-10,2.25,4.73,,-0.633,10.79,54.02,79.86
2006-11-17,2.33,4.76,,-0.631,10.05,60.77,70.68
2006-11-24,2.27,4.73,,-0.628,10.73,19.73,98.98
2006-12-01,2.1,4.52,,-0.624,11.66,65.43,80.78
2006-12-08,2.21,4.68,,-0.621,12.07,30.32,74.61
2006-12-15,2.29,4.73,,-0.622,10.05,30.16,69.35
2006-12-22,2.35,4.71,,-0.626,11.36,11.83,93.79
2006-12-29,2.41,4.82,,-0.635,11.56,79.59,91.37
2007-01-05,2.38,4.76,,-0.646,12.14,67.45,91.94
2007-01-12,2.49,4.88,,-0.659,10.15,10.68,108.61
2007-01-19,2.47,4.93,,-0.671,10.4,51.87,66.32
2007-01-26,2.48,4.99,,-0.681,11.13,18.65,56.53
2007-02-02,2.42,4.94,,-0.684,10.08,96.61,80.09
2007-02-09,2.43,4.92,,-0.683,11.1,48.2,58.41
2007-02-16,2.36,4.83,,-0.675,10.02,67.74,86.76
2007-02-23,2.3,4.82,,-0.662,10.58,28.59,69.23
2007-03-02,2.15,4.56,,-0.647,18.61,33.44,65.91
2007-03-09,2.25,4.66,,-0.632,14.09,54.75,73.64
2007-03-16,2.16,4.58,,-0.62,16.79,52.51,89.66
2007-03-23,2.19,4.6,,-0.612,12.95,130.31,71.87
2007-03-30,2.21,4.58,,-0.606,14.64,28.57,67.53
2007-04-06,2.27,4.75,,-0.603,13.23,30.39,75.1
2007-04-13,2.31,4.76,,-0.599,12.2,13.25,82.36
2007-04-20,2.27,4.64,,-0.594,12.07,23.7,65.28
2007-04-27,2.25,4.67,,-0.588,12.45,25.52,68.22
2007-05-04,2.24,4.68,,-0.579,12.91,53.85,63.78
2007-05-11,2.3,4.71,,-0.57,12.95,39.25,82.24
2007-05-18,2.46,4.82,,-0.561,12.76,115.85,83.36
2007-05-25,2.49,4.85,,-0.553,13.34,52.84,79.58
2007-06-01,2.57,4.97,,-0.546,12.78,63.46,84.62
2007-06-08,2.69,5.01,,-0.543,14.84,70.91,75.72
2007-06-15,2.73,5.05,,-0.54,13.94,57.32,80.5
2007-06-22,2.7,4.92,,-0.535,15.75,25.05,72.03
2007-06-29,2.65,4.87,,-0.523,16.23,132.17,64.55
2007-07-06,2.79,4.99,,-0.498,14.72,28.94,78.06
2007-07-13,2.73,4.94,,-0.453,15.15,30.3,100.69
2007-07-20,2.6,4.79,,-0.384,16.95,68.54,84.5
2007-07-27,2.48,4.56,,-0.291,24.17,39.85,63.37
2007-08-03,2.44,4.46,,-0.179,25.16,29.86,86.36
2007-08-10,2.56,4.47,,-0.059,28.3,77.02,62.05
2007-08-17,2.45,4.18,,0.059,29.99,150.81,67.86
2007-08-24,2.4,4.3,,0.154,20.72,112.79,76.84
2007-08-31,2.34,4.15,,0.205,23.38,65.25,57.62
2007-09-07,2.19,3.9,,0.222,26.23,126.77,62.65
2007-09-14,2.2,4.05,,0.198,24.92,45.53,82.23
2007-09-21,2.31,4.06,,0.142,19.0,114.52,78.05
2007-09-28,2.27,3.97,,0.077,18.0,30.92,81.57
2007-10-05,2.34,4.08,,0.016,16.91,59.92,53.88
2007-10-12,2.36,4.23,,-0.024,17.73,55.05,66.26
2007-10-19,2.09,3.8,,-0.031,22.96,69.28,75.77
2007-10-26,2.05,3.77,,-0.001,19.56,57.66,72.62
2007-11-02,1.92,3.66,,0.066,23.01,51.96,67.26
2007-11-09,1.82,3.42,,0.164,28.5,124.21,130.28
2007-11-16,1.8,3.33,,0.275,25.49,93.34,64.35
2007-11-23,1.63,3.07,,0.387,25.61,45.28,68.79
2007-11-30,1.63,3.04,,0.48,22.87,70.77,57.91
2007-12-07,1.86,3.12,,0.543,20.85,90.71,66.32
2007-12-14,1.9,3.31,,0.57,23.27,89.71,65.11
2007-12-21,1.84,3.19,,0.56,18.47,81.49,52.16
2007-12-28,1.78,3.12,,0.521,20.74,69.55,141.19
2008-01-04,1.56,2.74,,0.473,23.94,103.24,72.79
2008-01-11,1.56,2.59,,0.428,23.68,232.13,60.0
2008-01-18,1.42,2.36,,0.404,27.18,98.93,76.5
2008-01-25,1.34,2.23,,0.412,29.08,158.51,49.98
2008-02-01,1.31,2.09,,0.441,24.02,167.94,89.31
2008-02-08,1.36,1.93,,0.503,28.01,67.59,68.93
2008-02-15,1.48,1.91,,0.588,25.02,123.89,74.34
2008-02-22,1.44,1.98,,0.687,24.06,134.5,75.35
2008-02-29,1.1,1.65,,0.787,26.54,142.87,55.35
2008-03-07,1.01,1.53,,0.879,27.49,71.91,79.46
2008-03-14,1.01,1.47,,0.94,31.16,69.27,44.34
2008-03-21,1.02,1.59,,0.965,26.62,114.25,64.07
2008-03-28,1.13,1.67,,0.945,25.71,154.34,71.04
2008-04-04,1.18,1.83,,0.892,22.45,70.98,78.74
2008-04-11,1.19,1.76,,0.819,23.46,94.47,78.47
2008-04-18,1.45,2.19,,0.737,20.13,28.76,66.98
2008-04-25,1.6,2.44,,0.651,19.59,67.92,55.83
2008-05-02,1.53,2.47,,0.575,18.18,78.45,58.47
2008-05-09,1.39,2.25,,0.521,19.41,76.49,69.03
2008-05-16,1.41,2.47,,0.488,16.47,110.23,65.15
2008-05-23,1.36,2.46,,0.483,19.55,30.21,55.62
2008-05-30,1.58,2.66,,0.505,17.83,50.64,48.57
2008-06-06,1.47,2.4,,0.55,23.56,69.54,64.17
2008-06-13,1.77,3.05,,0.604,21.22,59.79,64.54
2008-06-20,1.72,2.88,,0.66,22.87,53.68,67.94
2008-06-27,1.48,2.65,,0.712,23.44,42.74,75.29
2008-07-04,1.42,2.54,,0.744,24.79,139.91,75.09
2008-07-11,1.48,2.59,,0.753,27.49,107.95,79.01
2008-07-18,1.65,2.66,,0.743,24.05,82.75,64.05
2008-07-25,1.79,2.7,,0.715,22.91,73.65,57.62
2008-08-01,1.63,2.51,,0.684,22.57,79.1,48.23
2008-08-08,1.72,2.51,,0.668,20.66,55.52,76.27
2008-08-15,1.66,2.4,,0.676,19.58,86.8,103.82
2008-08-22,1.69,2.42,,0.732,18.81,82.71,83.75
2008-08-29,1.68,2.36,,0.841,20.65,114.16,54.76
2008-09-05,1.71,2.23,,1.009,23.06,58.95,62.74
2008-09-12,1.79,2.23,,1.23,25.66,98.38,80.62
2008-09-19,1.85,2.16,,1.513,32.07,316.24,49.17
2008-09-26,2.1,2.11,,1.793,34.74,320.84,61.37
2008-10-03,2.18,1.6,,2.073,45.14,340.91,49.96
2008-10-10,2.97,1.62,,2.324,69.95,184.75,67.65
2008-10-17,2.87,1.64,,2.52,70.33,194.3,38.66
2008-10-24,3.02,1.57,,2.663,79.13,191.34,54.7
2008-10-31,3.14,1.56,,2.786,59.89,215.88,55.77
2008-11-07,2.86,1.33,,2.879,56.1,170.82,66.59
2008-11-14,2.87,1.22,,2.959,66.31,148.8,56.58
2008-11-21,3.15,1.09,,3.035,72.67,359.0,67.83
2008-11-28,2.6,1.0,,3.061,55.84,160.84,105.87
2008-12-05,2.23,0.93,,3.053,59.93,182.27,69.79
2008-12-12,2.43,0.78,,2.989,54.28,174.09,70.53
2008-12-19,1.98,0.74,,2.866,44.93,180.81,55.17
2008-12-26,2.03,0.89,,2.708,43.38,93.05,98.3
2009-01-02,2.29,0.88,,2.555,39.19,219.41,84.41
2009-01-09,1.87,0.75,,2.403,42.82,168.95,89.9
2009-01-16,1.81,0.73,,2.279,46.11,236.48,61.9
2009-01-23,1.93,0.83,,2.189,47.27,144.54,58.93
2009-01-30,1.73,0.94,,2.129,44.84,211.55,63.4
2009-02-06,1.82,0.99,,2.099,43.37,243.81,62.14
2009-02-13,1.68,0.97,,2.1,42.93,257.65,54.87
2009-02-20,1.67,0.96,,2.117,49.3,183.91,73.54
2009-02-27,2.06,1.0,,2.133,46.35,323.94,63.81
2009-03-06,2.02,0.91,,2.137,49.33,184.59,61.69
2009-03-13,1.87,0.98,,2.099,42.36,186.5,68.81
2009-03-20,1.43,0.89,,2.027,45.89,207.82,59.47
2009-03-27,1.38,0.9,,1.923,41.04,146.4,76.87
2009-04-03,1.53,0.96,,1.799,39.7,150.81,52.98
2009-04-10,1.62,0.96,,1.659,36.53,101.65,76.05
2009-04-17,1.7,0.99,,1.517,33.94,146.91,77.0
2009-04-24,1.53,0.99,,1.377,36.82,187.13,99.03
2009-05-01,1.8,0.92,,1.242,35.3,116.18,63.87
2009-05-08,1.77,1.0,,1.118,32.05,171.49,59.18
2009-05-15,1.66,0.88,,1.017,33.12,370.6,61.83
2009-05-22,1.72,0.92,,0.933,32.63,105.33,90.62
2009-05-29,1.67,0.92,,0.875,28.92,82.82,76.59
2009-06-05,1.88,1.32,,0.827,29.62,72.36,70.82
2009-06-12,1.91,1.3,,0.791,28.15,61.85,96.18
2009-06-19,1.91,1.25,,0.761,27.99,160.07,81.53
2009-06-26,1.85,1.1,,0.724,25.93,142.31,67.25
2009-07-03,1.87,0.98,,0.679,27.95,82.63,87.8
2009-07-10,1.8,0.91,,0.624,29.02,102.52,71.01
2009-07-17,1.81,1.02,,0.557,24.34,88.11,71.19
2009-07-24,1.81,1.05,,0.486,23.09,104.47,77.06
2009-07-31,1.71,1.13,,0.417,25.92,353.57,71.19
2009-08-07,1.88,1.32,,0.357,24.76,62.29,75.35
2009-08-14,1.85,1.07,,0.308,24.27,68.02,78.49
2009-08-21,1.69,1.13,,0.268,25.01,91.24,109.05
2009-08-28,1.76,1.01,,0.231,24.76,61.05,78.57
2009-09-04,1.7,0.94,,0.199,25.26,47.03,74.34
2009-09-11,1.59,0.9,,0.166,24.15,78.7,65.67
2009-09-18,1.68,1.03,,0.133,23.92,74.17,85.56
2009-09-25,1.6,0.98,,0.105,25.61,126.44,101.56
2009-10-02,1.54,0.88,,0.083,28.68,109.71,66.47
2009-10-09,1.56,0.98,,0.062,23.12,84.08,71.36
2009-10-16,1.45,0.97,,0.045,21.43,74.65,77.04
2009-10-23,1.51,1.04,,0.031,22.27,110.76,73.33
2009-10-30,1.41,0.9,,0.024,30.69,108.64,73.39
2009-11-06,1.37,0.86,,0.015,24.19,90.21,85.78
2009-11-13,1.31,0.82,,0.003,23.36,123.13,80.54
2009-11-20,1.21,0.75,,-0.011,22.19,94.42,79.19
2009-11-27,1.15,0.68,,-0.029,24.85,100.55,62.06
2009-12-04,1.34,0.84,,-0.054,21.25,143.53,69.06
2009-12-11,1.41,0.83,,-0.085,21.59,109.15,85.55
2009-12-18,1.31,0.82,,-0.117,21.68,156.28,87.84
2009-12-25,1.5,1.0,,-0.147,19.47,167.34,90.14
2010-01-01,1.48,1.14,,-0.172,21.68,174.55,162.96
2010-01-08,1.41,0.96,,-0.192,18.13,141.92,126.74
2010-01-15,1.34,0.89,,-0.202,17.91,108.55,86.2
2010-01-22,1.31,0.84,,-0.201,27.31,124.07,60.99
2010-01-29,1.3,0.82,,-0.197,24.62,198.48,79.93
2010-02-05,1.32,0.77,,-0.193,26.11,110.4,85.53
2010-02-12,1.46,0.84,,-0.197,22.73,143.74,93.15
2010-02-19,1.52,0.95,,-0.214,20.02,143.63,100.44
2010-02-26,1.48,0.81,,-0.242,19.5,101.35,110.32
2010-03-05,1.48,0.91,,-0.281,17.42,125.6,87.95
2010-03-12,1.45,0.97,,-0.327,17.58,124.23,74.07
2010-03-19,1.5,1.02,,-0.373,16.97,115.47,86.16
2010-03-26,1.62,1.04,,-0.414,17.77,125.77,74.99
2010-04-02,1.69,1.11,,-0.442,17.47,70.98,85.77
2010-04-09,1.56,1.08,,-0.454,16.14,50.11,98.82
2010-04-16,1.46,0.98,,-0.442,18.36,75.16,75.5
2010-04-23,1.47,1.1,,-0.407,16.62,95.94,65.27
2010-04-30,1.29,0.97,,-0.348,22.05,70.76,63.35
2010-05-07,1.3,0.83,,-0.271,40.95,160.17,107.68
2010-05-14,1.26,0.79,,-0.196,31.24,116.25,92.9
2010-05-21,1.33,0.76,,-0.123,40.1,117.45,101.7
2010-05-28,1.32,0.76,,-0.068,32.07,92.98,80.85
2010-06-04,1.26,0.72,,-0.037,35.48,79.31,66.15
2010-06-11,1.29,0.75,,-0.028,28.79,105.75,82.37
2010-06-18,1.25,0.74,,-0.042,23.95,128.67,99.33
2010-06-25,1.21,0.65,,-0.069,28.53,165.61,99.98
2010-07-02,1.27,0.63,,-0.104,30.12,137.95,91.62
2010-07-09,1.26,0.63,,-0.145,24.98,200.06,87.08
2010-07-16,1.25,0.61,,-0.186,26.25,223.92,83.3
2010-07-23,1.24,0.6,,-0.219,23.47,238.51,83.13
2010-07-30,1.14,0.55,,-0.243,23.5,167.86,83.37
2010-08-06,1.04,0.5,,-0.258,21.74,156.3,96.97
2010-08-13,1.0,0.54,,-0.263,26.24,141.21,82.05
2010-08-20,1.05,0.49,,-0.264,25.49,162.27,67.43
2010-08-27,1.05,0.56,,-0.267,24.45,174.13,57.26
2010-09-03,1.1,0.52,,-0.274,21.31,159.55,70.71
2010-09-10,1.02,0.58,,-0.288,21.99,165.88,98.99
2010-09-17,1.0,0.48,,-0.307,22.01,163.29,82.54
2010-09-24,0.81,0.45,,-0.329,21.71,118.9,68.86
2010-10-01,0.75,0.42,,-0.353,22.5,174.77,92.24
2010-10-08,0.45,0.35,,-0.377,20.71,213.44,75.86
2010-10-15,0.5,0.37,,-0.398,19.03,185.5,70.79
2010-10-22,0.5,0.35,,-0.416,18.78,161.12,53.2
2010-10-29,0.5,0.34,,-0.429,21.2,239.21,73.19
2010-11-05,0.48,0.38,,-0.438,18.26,229.76,73.57
2010-11-12,0.71,0.51,,-0.442,20.61,77.25,105.63
2010-11-19,0.77,0.52,,-0.444,18.04,167.29,87.48
2010-11-26,0.75,0.51,,-0.447,22.22,236.9,100.99
2010-12-03,0.86,0.49,,-0.452,18.01,188.06,73.31
2010-12-10,1.16,0.64,,-0.464,17.61,219.55,97.56
2010-12-17,1.05,0.61,,-0.479,16.11,252.45,105.16
2010-12-24,1.08,0.67,,-0.498,16.47,37.25,103.92
2010-12-31,1.0,0.61,,-0.52,17.75,180.76,75.27
2011-01-07,0.98,0.6,,-0.541,17.14,78.36,90.08
2011-01-14,1.0,0.59,,-0.562,15.46,121.36,105.21
2011-01-21,1.2,0.63,,-0.579,18.47,109.35,91.78
2011-01-28,1.09,0.54,,-0.591,20.04,122.57,103.44
2011-02-04,1.3,0.77,,-0.596,15.93,97.16,153.95
2011-02-11,1.36,0.85,,-0.594,15.69,81.01,124.42
2011-02-18,1.25,0.78,,-0.585,16.43,97.46,122.96
2011-02-25,1.02,0.72,,-0.57,19.22,128.07,162.55
2011-03-04,1.0,0.68,,-0.557,19.06,78.77,131.95
2011-03-11,0.96,0.64,,-0.546,20.08,170.51,130.66
2011-03-18,0.85,0.61,,-0.541,24.44,140.54,127.82
2011-03-25,1.02,0.79,,-0.546,17.91,110.94,139.19
2011-04-01,0.94,0.8,,-0.556,17.4,148.31,128.48
2011-04-08,0.95,0.83,,-0.57,17.87,107.93,108.88
2011-04-15,0.82,0.71,,-0.584,15.32,107.61,104.88
2011-04-22,0.83,0.68,,-0.593,14.69,168.72,95.44
2011-04-29,0.75,0.61,,-0.597,14.75,71.85,122.19
2011-05-06,0.71,0.57,,-0.594,18.4,65.14,105.19
2011-05-13,0.79,0.57,,-0.585,17.07,94.82,125.12
2011-05-20,0.85,0.55,,-0.572,17.43,56.74,111.37
2011-05-27,0.79,0.48,,-0.559,15.98,82.4,133.48
2011-06-03,0.75,0.42,,-0.545,17.95,120.72,74.99
2011-06-10,0.79,0.41,,-0.533,18.86,182.31,119.73
2011-06-17,0.75,0.38,,-0.524,21.85,171.5,85.95
2011-06-24,0.64,0.35,,-0.517,21.1,124.95,135.39
2011-07-01,0.77,0.5,,-0.51,15.87,75.9,96.47
2011-07-08,0.69,0.4,,-0.498,15.95,199.44,89.27
2011-07-15,0.61,0.37,,-0.475,19.53,163.6,96.38
2011-07-22,0.61,0.4,,-0.441,17.52,199.37,66.74
2011-07-29,0.38,0.36,,-0.392,25.25,291.21,113.86
2011-08-05,0.32,0.28,,-0.329,32.0,189.76,63.8
2011-08-12,-0.02,0.2,,-0.258,36.36,359.28,100.92
2011-08-19,0.02,0.2,,-0.195,43.05,252.25,100.59
2011-08-26,0.15,0.2,,-0.136,35.59,215.31,74.06
2011-09-02,0.0,0.2,,-0.093,33.92,234.96,82.32
2011-09-09,-0.03,0.17,,-0.061,38.52,277.01,85.92
2011-09-16,0.13,0.18,,-0.044,30.98,237.76,101.41
2011-09-23,0.1,0.23,,-0.035,41.25,112.93,85.99
2011-09-30,0.17,0.25,,-0.038,42.96,106.29,98.93
2011-10-07,0.16,0.3,,-0.049,36.2,141.09,85.51
2011-10-14,0.28,0.28,,-0.071,28.24,393.25,93.79
2011-10-21,0.23,0.3,,-0.088,31.32,106.79,96.49
2011-10-28,0.19,0.28,,-0.102,24.53,123.53,86.96
2011-11-04,-0.06,0.22,,-0.104,30.16,101.41,95.83
2011-11-11,-0.04,0.24,,-0.097,30.04,191.23,109.13
2011-11-18,0.05,0.29,,-0.084,32.0,100.23,87.44
2011-11-25,0.05,0.28,,-0.072,34.47,165.18,100.81
2011-12-02,0.0,0.25,,-0.07,27.52,184.64,97.46
2011-12-09,0.05,0.22,,-0.076,26.38,176.26,92.16
2011-12-16,-0.05,0.24,,-0.09,24.29,164.61,110.67
2011-12-23,-0.04,0.28,,-0.114,20.73,204.63,101.86
2011-12-30,-0.07,0.25,,-0.148,23.4,140.77,110.33
2012-01-06,-0.11,0.25,,-0.189,20.63,134.12,117.85
2012-01-13,-0.14,0.24,,-0.235,20.91,162.32,96.11
2012-01-20,0.01,0.26,,-0.281,18.28,118.88,79.36
2012-01-27,-0.18,0.22,,-0.322,18.53,94.26,76.27
2012-02-03,-0.21,0.23,,-0.355,17.1,145.63,82.46
2012-02-10,-0.24,0.27,,-0.379,20.79,168.02,78.98
2012-02-17,-0.23,0.29,,-0.395,17.78,180.16,96.58
2012-02-24,-0.29,0.31,,-0.407,17.31,66.25,117.9
2012-03-02,-0.24,0.28,,-0.418,17.29,66.24,99.75
2012-03-09,-0.24,0.33,,-0.426,17.11,76.37,98.7
2012-03-16,-0.09,0.37,,-0.433,14.47,106.65,89.26
2012-03-23,-0.11,0.37,,-0.437,14.82,74.64,88.2
2012-03-30,-0.09,0.33,,-0.435,15.5,131.3,74.7
2012-04-06,-0.16,0.32,,-0.427,16.7,73.89,63.4
2012-04-13,-0.25,0.27,,-0.414,19.55,63.72,90.01
2012-04-20,-0.24,0.29,,-0.399,17.44,35.44,83.22
2012-04-27,-0.3,0.26,,-0.378,16.32,177.79,88.46
2012-05-04,-0.3,0.27,,-0.352,19.16,87.03,94.84
2012-05-11,-0.28,0.27,,-0.32,19.89,81.38,93.61
2012-05-18,-0.39,0.32,,-0.287,25.1,130.74,135.05
2012-05-25,-0.38,0.3,,-0.261,21.76,106.54,93.3
2012-06-01,-0.59,0.25,,-0.242,26.66,169.4,92.36
2012-06-08,-0.5,0.28,,-0.235,21.23,127.91,73.64
2012-06-15,-0.54,0.29,,-0.241,21.11,218.0,91.43
2012-06-22,-0.42,0.31,,-0.256,18.11,202.5,54.76
2012-06-29,-0.46,0.33,,-0.275,17.08,304.81,68.85
2012-07-06,-0.53,0.27,,-0.298,17.1,145.09,85.48
2012-07-13,-0.59,0.25,,-0.322,16.74,278.29,90.51
2012-07-20,-0.67,0.22,,-0.346,16.27,172.74,90.97
2012-07-27,-0.61,0.25,,-0.367,16.7,128.12,72.06
2012-08-03,-0.66,0.24,,-0.388,15.64,168.04,77.58
2012-08-10,-0.6,0.27,,-0.407,14.74,100.51,72.93
2012-08-17,-0.43,0.29,,-0.426,13.45,114.42,100.0
2012-08-24,-0.6,0.28,,-0.444,15.18,203.4,70.96
2012-08-31,-0.68,0.22,,-0.461,17.47,259.97,81.79
2012-09-07,-0.68,0.25,,-0.479,14.38,195.5,88.46
2012-09-14,-0.76,0.27,,-0.499,14.51,212.66,136.99
2012-09-21,-0.71,0.27,,-0.515,13.98,152.08,107.56
2012-09-28,-0.77,0.23,,-0.528,15.73,159.61,98.41
2012-10-05,-0.82,0.27,,-0.539,14.33,208.37,74.7
2012-10-12,-0.78,0.27,,-0.546,16.14,114.5,103.14
2012-10-19,-0.71,0.3,,-0.55,17.06,170.07,101.24
2012-10-26,-0.69,0.3,,-0.55,17.81,210.63,78.61
2012-11-02,-0.73,0.28,,-0.549,17.59,82.44,52.94
2012-11-09,-0.83,0.27,,-0.547,18.61,278.07,69.53
2012-11-16,-0.81,0.24,,-0.546,16.41,194.72,59.7
2012-11-23,-0.72,0.29,,-0.55,15.14,272.9,88.0
2012-11-30,-0.79,0.25,,-0.556,15.87,251.56,84.46
2012-12-07,-0.86,0.25,,-0.564,15.9,194.02,106.54
2012-12-14,-0.74,0.24,,-0.575,17.0,162.65,99.06
2012-12-21,-0.71,0.26,,-0.588,17.84,188.68,94.84
2012-12-28,-0.73,0.27,,-0.6,22.72,251.11,90.06
2013-01-04,-0.55,0.27,,-0.614,13.83,287.9,85.69
2013-01-11,-0.63,0.26,,-0.627,13.36,196.09,100.98
2013-01-18,-0.66,0.26,,-0.636,12.46,247.95,103.06
2013-01-25,-0.56,0.28,,-0.643,12.89,174.97,95.47
2013-02-01,-0.55,0.27,,-0.647,12.9,124.41,110.34
2013-02-08,-0.57,0.25,,-0.648,13.02,72.22,90.71
2013-02-15,-0.53,0.29,,-0.649,12.46,164.94,95.08
2013-02-22,-0.57,0.27,,-0.65,14.17,134.46,91.97
2013-03-01,-0.67,0.25,,-0.651,15.36,324.04,88.16
2013-03-08,-0.5,0.27,,-0.653,12.59,95.85,74.58
2013-03-15,-0.55,0.25,,-0.656,11.3,104.12,81.69
2013-03-22,-0.6,0.26,,-0.659,13.57,105.79,96.2
2013-03-29,-0.64,0.25,,-0.663,12.7,90.71,95.41
2013-04-05,-0.74,0.24,,-0.671,13.92,104.65,73.22
2013-04-12,-0.68,0.22,,-0.681,12.06,42.73,80.45
2013-04-19,-0.59,0.24,,-0.692,14.97,57.5,114.7
2013-04-26,-0.68,0.22,,-0.704,13.61,92.18,102.18
2013-05-03,-0.53,0.22,,-0.713,12.85,104.35,114.41
2013-05-10,-0.45,0.26,,-0.718,12.59,65.03,105.37
2013-05-17,-0.31,0.26,,-0.716,12.45,27.77,105.46
2013-05-24,-0.26,0.26,,-0.706,13.99,75.95,96.43
2013-05-31,-0.05,0.3,,-0.69,16.3,66.84,114.5
2013-06-07,0.03,0.32,,-0.671,15.14,63.43,74.93
2013-06-14,0.09,0.29,,-0.653,17.15,89.93,88.08
2013-06-21,0.59,0.38,,-0.637,18.9,89.92,76.63
2013-06-28,0.53,0.36,,-0.63,16.86,116.34,83.88
2013-07-05,0.66,0.4,,-0.63,14.89,191.82,106.34
2013-07-12,0.55,0.37,,-0.637,13.84,50.01,68.3
2013-07-19,0.29,0.32,,-0.649,12.54,87.73,71.19
2013-07-26,0.43,0.31,,-0.661,12.72,28.78,87.49
2013-08-02,0.42,0.3,,-0.669,11.98,57.34,119.92
2013-08-09,0.33,0.32,,-0.673,13.41,99.01,123.92
2013-08-16,0.68,0.36,,-0.672,14.37,76.5,120.25
2013-08-23,0.69,0.4,,-0.669,13.98,45.99,87.09
2013-08-30,0.68,0.39,,-0.665,17.01,91.16,120.74
2013-09-06,0.87,0.46,,-0.663,15.85,174.48,136.09
2013-09-13,0.8,0.45,,-0.665,14.16,39.94,107.13
2013-09-20,0.52,0.34,,-0.67,13.12,160.51,87.6
2013-09-27,0.46,0.34,,-0.677,15.46,91.83,115.44
2013-10-04,0.46,0.33,,-0.686,16.74,187.28,96.67
2013-10-11,0.5,0.35,,-0.699,15.72,197.5,91.82
2013-10-18,0.42,0.33,,-0.712,13.04,199.23,91.0
2013-10-25,0.34,0.32,,-0.726,13.09,125.94,70.52
2013-11-01,0.5,0.33,,-0.738,13.28,45.43,90.16
2013-11-08,0.59,0.32,,-0.749,12.9,84.94,62.48
2013-11-15,0.53,0.31,,-0.757,12.19,68.24,67.96
2013-11-22,0.56,0.31,,-0.764,12.26,67.16,92.45
2013-11-29,0.6,0.28,,-0.77,13.7,95.19,121.84
2013-12-06,0.77,0.3,,-0.773,13.79,59.69,95.93
2013-12-13,0.72,0.34,,-0.776,15.76,127.96,92.75
2013-12-20,0.73,0.37,,-0.778,13.79,52.07,117.48
2013-12-27,0.8,0.4,,-0.779,12.46,71.17,138.94
2014-01-03,0.75,0.41,,-0.776,13.76,113.11,119.16
2014-01-10,0.59,0.39,,-0.774,12.14,67.96,123.81
2014-01-17,0.58,0.4,,-0.77,12.44,66.52,90.75
2014-01-24,0.61,0.37,,-0.766,18.14,84.12,93.25
2014-01-31,0.53,0.34,,-0.763,18.41,44.12,95.32
2014-02-07,0.53,0.3,,-0.764,15.29,71.97,90.1
2014-02-14,0.59,0.32,,-0.767,13.57,43.97,100.04
2014-02-21,0.61,0.33,,-0.772,14.68,120.78,102.33
2014-02-28,0.49,0.33,,-0.776,14.0,71.2,102.91
2014-03-07,0.57,0.38,,-0.779,14.11,59.24,147.7
2014-03-14,0.48,0.36,,-0.779,17.82,74.0,116.7
2014-03-21,0.61,0.45,,-0.779,15.0,118.59,120.89
2014-03-28,0.6,0.45,,-0.776,14.41,86.49,115.97
2014-04-04,0.61,0.43,,-0.774,13.96,56.51,93.0
2014-04-11,0.5,0.37,,-0.771,17.03,24.93,59.1
2014-04-18,0.52,0.43,,-0.769,13.36,51.83,120.77
2014-04-25,0.48,0.43,,-0.769,14.06,62.12,109.33
2014-05-02,0.41,0.42,,-0.77,12.91,52.59,76.63
2014-05-09,0.44,0.4,,-0.773,12.92,55.25,123.65
2014-05-16,0.34,0.38,,-0.777,12.44,83.17,82.49
2014-05-23,0.32,0.37,,-0.783,11.36,80.12,114.82
2014-05-30,0.26,0.37,,-0.789,11.4,66.44,93.48
2014-06-06,0.4,0.41,,-0.792,10.73,40.75,93.61
2014-06-13,0.41,0.45,,-0.793,12.18,47.2,128.32
2014-06-20,0.35,0.5,,-0.789,10.85,57.19,131.92
2014-06-27,0.27,0.45,,-0.782,11.26,24.48,115.01
2014-07-04,0.37,0.52,,-0.772,10.32,52.44,102.53
2014-07-11,0.25,0.48,,-0.761,12.08,50.23,121.6
2014-07-18,0.26,0.51,,-0.749,12.06,77.84,175.31
2014-07-25,0.2,0.53,,-0.739,12.69,34.26,140.08
2014-08-01,0.25,0.47,,-0.73,17.03,53.1,120.32
2014-08-08,0.19,0.45,,-0.725,15.77,61.58,120.66
2014-08-15,0.16,0.42,,-0.725,13.15,74.06,143.67
2014-08-22,0.26,0.53,,-0.724,11.47,65.61,129.65
2014-08-29,0.23,0.48,,-0.722,11.98,30.07,120.3
2014-09-05,0.31,0.52,,-0.716,12.09,32.64,119.04
2014-09-12,0.49,0.58,,-0.705,13.31,49.62,170.13
2014-09-19,0.56,0.59,,-0.69,12.11,31.65,119.03
2014-09-26,0.57,0.59,,-0.673,14.85,49.29,153.05
2014-10-03,0.52,0.57,,-0.657,14.55,103.26,104.21
2014-10-10,0.35,0.45,,-0.646,21.24,49.06,111.83
2014-10-17,0.3,0.39,,-0.638,21.99,49.35,95.88
2014-10-24,0.39,0.41,,-0.639,16.11,43.41,145.28
2014-10-31,0.43,0.5,,-0.644,14.03,103.08,113.77
2014-11-07,0.38,0.51,,-0.651,13.12,26.93,80.09
2014-11-14,0.43,0.54,,-0.656,13.31,29.81,78.13
2014-11-21,0.45,0.53,,-0.656,12.9,58.61,85.65
2014-11-28,0.39,0.47,,-0.649,13.33,38.11,96.43
2014-12-05,0.56,0.65,,-0.636,11.82,63.16,104.02
2014-12-12,0.46,0.56,,-0.617,21.08,42.58,112.47
2014-12-19,0.49,0.67,,-0.594,16.49,42.7,149.54
2014-12-26,0.58,0.73,,-0.572,14.5,58.01,121.54
2015-01-02,0.41,0.66,,-0.55,17.79,93.14,155.01
2015-01-09,0.36,0.59,,-0.531,17.55,44.45,136.09
2015-01-16,0.23,0.49,,-0.517,20.95,50.91,141.76
2015-01-23,0.21,0.52,,-0.509,16.66,82.9,114.19
2015-01-30,0.03,0.47,,-0.505,20.97,65.15,128.04
2015-02-06,0.24,0.65,,-0.506,17.29,59.12,117.27
2015-02-13,0.34,0.66,,-0.511,14.69,54.65,144.44
2015-02-20,0.38,0.67,,-0.518,14.3,35.63,98.45
2015-02-27,0.17,0.63,,-0.525,13.34,116.63,117.3
2015-03-06,0.41,0.73,,-0.53,15.2,47.16,103.82
2015-03-13,0.44,0.68,,-0.533,16.0,52.24,110.82
2015-03-20,0.17,0.6,,-0.537,13.02,56.33,118.23
2015-03-27,0.19,0.58,,-0.538,15.07,61.09,134.32
2015-04-03,0.02,0.49,,-0.54,14.67,69.18,148.09
2015-04-10,0.14,0.57,,-0.542,12.58,41.28,131.83
2015-04-17,-0.02,0.51,,-0.543,13.89,43.72,118.65
2015-04-24,0.04,0.54,,-0.545,12.29,42.94,126.14
2015-05-01,0.18,0.6,,-0.546,12.7,37.85,89.6
2015-05-08,0.28,0.59,,-0.546,12.86,81.06,107.31
2015-05-15,0.31,0.55,,-0.546,12.38,65.4,107.04
2015-05-22,0.34,0.64,,-0.547,12.13,65.97,108.27
2015-05-29,0.32,0.61,,-0.546,13.84,39.59,98.03
2015-06-05,0.55,0.73,,-0.546,14.21,40.47,75.18
2015-06-12,0.55,0.74,,-0.545,13.78,47.0,81.94
2015-06-19,0.4,0.65,,-0.542,13.96,86.15,111.83
2015-06-26,0.57,0.72,,-0.539,14.02,79.86,70.38
2015-07-03,0.49,0.64,,-0.534,16.79,41.29,111.87
2015-07-10,0.55,0.65,,-0.529,16.83,94.87,121.51
2015-07-17,0.51,0.68,,-0.524,11.95,42.31,145.31
2015-07-24,0.51,0.7,,-0.514,13.74,60.12,114.46
2015-07-31,0.46,0.67,,-0.499,12.12,29.32,96.17
2015-08-07,0.52,0.73,,-0.481,13.39,3.32,105.51
2015-08-14,0.58,0.73,,-0.459,12.83,55.58,120.11
2015-08-21,0.52,0.64,,-0.437,28.03,80.21,94.18
2015-08-28,0.58,0.72,,-0.417,26.05,93.15,90.02
2015-09-04,0.62,0.71,,-0.404,27.8,144.81,106.92
2015-09-11,0.61,0.71,,-0.398,23.2,89.61,125.63
2015-09-18,0.58,0.69,,-0.398,22.28,77.99,86.55
2015-09-25,0.71,0.7,,-0.404,23.62,44.34,79.38
2015-10-02,0.51,0.58,,-0.414,20.94,64.84,131.4
2015-10-09,0.58,0.65,,-0.429,17.08,78.91,94.26
2015-10-16,0.56,0.61,,-0.444,15.05,51.22,127.21
2015-10-23,0.58,0.66,,-0.457,14.46,51.59,94.83
2015-10-30,0.63,0.75,,-0.466,15.07,38.41,92.91
2015-11-06,0.75,0.9,,-0.47,14.33,78.78,80.42
2015-11-13,0.76,0.86,,-0.466,20.08,33.65,111.38
2015-11-20,0.66,0.93,,-0.457,15.47,48.78,216.55
2015-11-27,0.62,0.92,,-0.443,15.12,45.15,189.73
2015-12-04,0.68,0.96,,-0.425,14.81,34.6,119.44
2015-12-11,0.67,0.88,,-0.403,24.39,110.78,113.49
2015-12-18,0.73,0.97,,-0.381,20.7,86.5,100.56
2015-12-25,0.73,1.03,,-0.361,15.74,64.23,104.36
2016-01-01,0.73,1.06,,-0.344,18.21,102.81,140.55
2016-01-08,0.65,0.94,,-0.328,27.01,62.21,159.58
2016-01-15,0.67,0.85,,-0.315,27.02,67.14,114.56
2016-01-22,0.72,0.88,,-0.305,22.34,68.43,150.32
2016-01-29,0.53,0.76,,-0.298,20.2,41.51,82.14
2016-02-05,0.53,0.74,,-0.295,23.38,41.41,84.81
2016-02-12,0.49,0.71,,-0.295,25.4,74.63,98.87
2016-02-19,0.5,0.76,,-0.303,20.53,85.85,94.14
2016-02-26,0.35,0.8,,-0.316,19.81,41.87,78.52
2016-03-04,0.37,0.88,,-0.331,16.86,46.74,89.34
2016-03-11,0.44,0.97,,-0.347,16.5,29.26,76.37
2016-03-18,0.27,0.84,,-0.361,14.02,58.48,88.64
2016-03-25,0.34,0.89,,-0.37,14.74,36.39,131.49
2016-04-01,0.17,0.76,,-0.377,13.1,30.46,112.4
2016-04-08,0.14,0.7,,-0.38,15.36,30.25,71.46
2016-04-15,0.2,0.74,,-0.383,13.62,52.17,94.07
2016-04-22,0.25,0.84,,-0.385,13.22,112.29,73.93
2016-04-29,0.12,0.77,,-0.385,15.7,54.91,90.24
2016-05-06,0.18,0.74,,-0.383,14.72,31.3,76.1
2016-05-13,0.13,0.76,,-0.381,15.04,59.77,80.56
2016-05-20,0.29,0.89,,-0.378,15.2,25.94,87.23
2016-05-27,0.27,0.9,,-0.373,13.12,19.22,84.54
2016-06-03,0.19,0.78,,-0.367,13.47,54.72,53.84
2016-06-10,0.12,0.73,,-0.36,17.03,70.69,90.88
2016-06-17,0.2,0.7,,-0.352,19.41,71.03,133.29
2016-06-24,0.15,0.64,,-0.347,25.76,312.85,74.79
2016-07-01,0.03,0.59,,-0.344,14.77,108.22,114.2
2016-07-08,-0.06,0.61,,-0.345,13.2,105.65,86.38
2016-07-15,0.11,0.71,,-0.349,12.67,34.4,118.17
2016-07-22,0.06,0.71,,-0.353,12.02,59.24,143.42
2016-07-29,-0.03,0.67,,-0.358,11.87,78.16,121.12
2016-08-05,0.09,0.72,,-0.36,11.39,89.43,108.5
2016-08-12,0.07,0.71,,-0.36,11.55,63.0,111.64
2016-08-19,0.1,0.76,,-0.358,11.34,56.17,87.53
2016-08-26,0.15,0.84,,-0.353,13.65,117.24,109.99
2016-09-02,0.13,0.8,,-0.346,11.98,40.85,62.65
2016-09-09,0.17,0.79,,-0.34,17.5,35.65,88.28
2016-09-16,0.19,0.77,,-0.336,15.37,44.18,70.63
2016-09-23,0.05,0.77,,-0.334,12.29,60.71,105.75
2016-09-30,0.0,0.77,,-0.337,13.29,34.93,74.93
2016-10-07,0.1,0.83,,-0.345,13.48,57.08,55.43
2016-10-14,0.13,0.84,,-0.354,16.12,80.62,80.96
2016-10-21,0.07,0.84,,-0.365,13.34,34.08,87.06
2016-10-28,0.13,0.86,,-0.378,16.19,74.06,78.95
2016-11-04,0.11,0.8,,-0.39,22.51,87.98,58.17
2016-11-11,0.27,0.92,,-0.405,14.17,140.42,90.27
2016-11-18,0.44,1.07,,-0.417,12.85,176.29,101.51
2016-11-25,0.47,1.12,,-0.429,12.34,90.3,87.77
2016-12-02,0.49,1.11,,-0.438,14.12,144.2,118.21
2016-12-09,0.51,1.15,,-0.447,11.75,97.26,88.66
2016-12-16,0.74,1.28,,-0.454,12.2,53.13,130.92
2016-12-23,0.58,1.22,,-0.46,11.44,35.7,158.36
2016-12-30,0.5,1.2,,-0.466,14.04,141.16,133.48
2017-01-06,0.46,1.22,,-0.472,11.32,96.97,110.8
2017-01-13,0.41,1.21,,-0.477,11.23,135.56,110.68
2017-01-20,0.44,1.2,,-0.482,11.54,141.55,87.58
2017-01-27,0.41,1.22,,-0.486,10.58,135.05,116.91
2017-02-03,0.44,1.21,,-0.488,10.97,131.28,139.51
2017-02-10,0.4,1.2,,-0.489,10.85,231.24,133.31
2017-02-17,0.41,1.21,,-0.489,11.49,143.29,142.38
2017-02-24,0.31,1.12,,-0.487,11.47,99.0,103.34
2017-03-03,0.45,1.32,,-0.485,10.96,88.91,105.65
2017-03-10,0.57,1.36,,-0.482,11.66,81.65,94.18
2017-03-17,0.49,1.33,,-0.48,11.28,152.01,93.6
2017-03-24,0.42,1.26,,-0.478,12.96,106.37,118.65
2017-03-31,0.43,1.27,,-0.48,12.37,221.37,118.65
2017-04-07,0.44,1.29,,-0.483,12.87,67.93,143.89
2017-04-14,0.32,1.21,,-0.489,15.96,116.71,155.19
2017-04-21,0.4,1.2,,-0.496,14.63,124.51,118.65
2017-04-28,0.37,1.28,,-0.507,10.82,62.79,115.74
2017-05-05,0.5,1.32,,-0.517,10.57,72.21,103.71
2017-05-12,0.49,1.29,,-0.527,10.4,129.4,70.02
2017-05-19,0.41,1.28,,-0.536,12.04,87.23,124.44
2017-05-26,0.44,1.3,,-0.545,9.81,62.91,179.43
2017-06-02,0.36,1.28,,-0.552,9.75,61.36,112.54
2017-06-09,0.43,1.35,,-0.558,10.7,65.8,87.78
2017-06-16,0.49,1.32,,-0.562,10.38,80.07,109.01
2017-06-23,0.45,1.34,,-0.565,10.02,135.04,97.82
2017-06-30,0.58,1.38,,-0.569,11.18,111.89,112.26
2017-07-07,0.66,1.4,,-0.572,11.19,160.41,171.59
2017-07-14,0.57,1.35,,-0.575,9.51,90.61,78.38
2017-07-21,0.48,1.36,,-0.577,9.36,73.36,80.71
2017-07-28,0.47,1.34,,-0.577,10.29,45.32,75.16
2017-08-04,0.47,1.36,,-0.574,10.03,63.9,109.75
2017-08-11,0.4,1.3,,-0.568,15.51,41.93,169.43
2017-08-18,0.43,1.33,,-0.563,14.26,60.34,134.96
2017-08-25,0.42,1.35,,-0.559,11.28,72.15,113.66
2017-09-01,0.37,1.35,,-0.557,10.13,57.53,90.7
2017-09-08,0.25,1.27,,-0.556,12.12,68.98,98.55
2017-09-15,0.35,1.39,,-0.559,10.17,72.36,81.4
2017-09-22,0.42,1.46,,-0.563,9.59,63.09,99.27
2017-09-29,0.49,1.47,,-0.569,9.51,107.61,67.99
2017-10-06,0.5,1.54,,-0.576,9.65,85.68,102.06
2017-10-13,0.43,1.51,,-0.583,9.61,63.88,94.1
2017-10-20,0.52,1.6,,-0.59,9.97,62.32,121.96
2017-10-27,0.54,1.59,,-0.595,9.8,87.39,100.28
2017-11-03,0.48,1.63,,-0.599,9.14,103.89,127.03
2017-11-10,0.52,1.67,,-0.602,11.29,56.77,62.29
2017-11-17,0.49,1.73,,-0.603,11.43,98.62,74.05
2017-11-24,0.5,1.75,,-0.604,9.67,34.88,82.41
2017-12-01,0.51,1.78,,-0.605,11.43,86.95,107.21
2017-12-08,0.5,1.8,,-0.606,9.58,63.52,75.46
2017-12-15,0.47,1.84,,-0.609,9.42,104.84,66.46
2017-12-22,0.54,1.91,,-0.613,9.9,72.69,90.13
2017-12-29,0.44,1.89,,-0.616,11.04,146.43,104.91
2018-01-05,0.46,1.96,,-0.62,9.22,108.68,97.65
2018-01-12,0.54,1.99,,-0.62,10.16,107.69,79.58
2018-01-19,0.58,2.06,,-0.615,11.27,88.34,66.02
2018-01-26,0.57,2.13,,-0.607,11.08,110.0,110.96
2018-02-02,0.7,2.15,,-0.593,17.31,61.2,96.94
2018-02-09,0.78,2.05,,-0.575,29.06,82.68,84.54
2018-02-16,0.78,2.21,,-0.56,19.46,80.52,71.77
2018-02-23,0.76,2.25,,-0.545,16.49,55.72,77.95
2018-03-02,0.74,2.25,,-0.53,19.59,39.63,112.03
2018-03-09,0.78,2.27,,-0.517,14.64,132.57,132.21
2018-03-16,0.77,2.31,,-0.507,15.8,110.96,135.93
2018-03-23,0.75,2.28,,-0.499,24.87,66.64,125.71
2018-03-30,0.69,2.27,,-0.498,19.97,44.07,77.38
2018-04-06,0.7,2.27,,-0.501,21.49,70.62,145.68
2018-04-13,0.69,2.37,,-0.511,17.41,141.34,112.03
2018-04-20,0.79,2.46,,-0.526,16.88,47.54,101.1
2018-04-27,0.79,2.49,,-0.539,15.41,25.82,112.76
2018-05-04,0.79,2.51,,-0.551,14.77,38.51,82.71
2018-05-11,0.82,2.54,,-0.56,12.65,78.27,144.46
2018-05-18,0.91,2.55,,-0.565,13.42,129.32,118.15
2018-05-25,0.84,2.48,,-0.565,13.22,102.1,135.93
2018-06-01,0.8,2.47,,-0.56,13.46,109.62,115.0
2018-06-08,0.82,2.5,,-0.554,12.18,112.51,122.88
2018-06-15,0.81,2.55,,-0.547,11.98,68.71,102.51
2018-06-22,0.78,2.56,,-0.542,13.77,80.35,86.74
2018-06-29,0.74,2.52,,-0.538,16.09,54.02,119.1
2018-07-06,0.7,2.53,,-0.54,13.37,184.49,114.77
2018-07-13,0.72,2.59,,-0.545,12.18,74.75,134.47
2018-07-20,0.78,2.6,,-0.553,12.86,132.11,145.01
2018-07-27,0.84,2.67,,-0.562,13.03,61.47,112.4
2018-08-03,0.83,2.63,,-0.571,11.64,87.73,94.92
2018-08-10,0.78,2.61,,-0.58,13.16,76.97,88.58
2018-08-17,0.79,2.61,,-0.587,12.64,62.36,95.77
2018-08-24,0.73,2.63,,-0.593,11.99,80.33,109.76
2018-08-31,0.78,2.62,,-0.597,12.86,121.46,75.64
2018-09-07,0.84,2.71,,-0.599,14.88,67.9,97.07
2018-09-14,0.89,2.78,,-0.6,12.07,36.1,69.45
2018-09-21,0.92,2.81,,-0.597,11.68,88.17,97.07
2018-09-28,0.91,2.81,,-0.593,12.12,52.38,79.44
2018-10-05,1.07,2.88,,-0.586,14.82,66.64,83.4
2018-10-12,1.03,2.85,,-0.576,21.31,103.11,99.2
2018-10-19,1.09,2.92,,-0.565,19.89,70.3,99.94
2018-10-26,1.02,2.81,,-0.551,24.16,65.53,144.51
2018-11-02,1.16,2.91,,-0.536,19.51,82.99,98.95
2018-11-09,1.15,2.94,,-0.521,17.36,41.01,73.33
2018-11-16,1.06,2.81,,-0.501,18.14,30.47,82.49
2018-11-23,1.09,2.81,,-0.48,21.52,24.17,99.08
2018-11-30,1.04,2.8,,-0.461,18.07,136.43,121.73
2018-12-07,0.96,2.72,,-0.442,23.23,101.45,115.07
2018-12-14,1.07,2.73,,-0.429,21.63,86.56,104.69
2018-12-21,1.02,2.63,,-0.423,30.11,144.91,168.92
2018-12-28,0.99,2.52,,-0.426,28.34,156.65,100.74
2019-01-04,0.91,2.5,,-0.439,21.38,153.15,116.9
2019-01-11,0.88,2.55,,-0.459,18.19,170.68,93.19
2019-01-18,0.96,2.62,,-0.482,17.8,154.17,124.97
2019-01-25,0.97,2.6,,-0.506,17.42,105.17,113.78
2019-02-01,0.82,2.52,,-0.53,16.14,95.81,115.07
2019-02-08,0.81,2.45,,-0.55,15.72,76.81,75.55
2019-02-15,0.8,2.52,,-0.568,14.91,55.54,88.25
2019-02-22,0.74,2.48,,-0.581,13.51,115.34,101.7
2019-03-01,0.8,2.55,,-0.59,13.57,110.76,138.77
2019-03-08,0.72,2.45,,-0.595,16.05,81.81,94.08
2019-03-15,0.65,2.43,,-0.599,12.88,66.48,102.47
2019-03-22,0.54,2.31,,-0.603,16.48,83.99,95.89
2019-03-29,0.53,2.27,,-0.606,13.71,91.25,104.89
2019-04-05,0.6,2.35,,-0.61,12.82,50.15,96.37
2019-04-12,0.61,2.4,,-0.613,12.01,75.79,61.56
2019-04-19,0.62,2.38,,-0.615,12.09,48.34,83.75
2019-04-26,0.54,2.28,,-0.614,12.73,67.89,119.71
2019-05-03,0.63,2.33,,-0.611,12.87,57.65,87.11
2019-05-10,0.59,2.26,,-0.604,16.04,108.12,118.65
2019-05-17,0.58,2.2,,-0.596,15.96,117.89,107.25
2019-05-24,0.56,2.16,,-0.588,15.85,144.24,124.42
2019-05-31,0.4,1.95,,-0.58,18.71,94.35,77.66
2019-06-07,0.35,1.85,,-0.575,16.3,242.25,87.89
2019-06-14,0.46,1.84,,-0.573,15.28,145.07,111.23
2019-06-21,0.34,1.77,,-0.573,15.4,178.92,156.27
2019-06-28,0.31,1.75,,-0.575,15.08,129.48,109.05
2019-07-05,0.35,1.87,,-0.579,13.28,72.83,119.33
2019-07-12,0.35,1.84,,-0.581,12.39,72.49,97.96
2019-07-19,0.25,1.8,,-0.58,14.45,61.84,73.09
2019-07-26,0.3,1.86,,-0.577,12.16,116.11,120.32
2019-08-02,0.2,1.72,,-0.569,17.61,117.41,138.82
2019-08-09,0.08,1.63,,-0.559,17.97,92.35,144.65
2019-08-16,0.01,1.48,,-0.547,18.47,105.71,157.82
2019-08-23,-0.02,1.51,,-0.537,19.87,268.83,136.09
2019-08-30,-0.05,1.5,,-0.527,18.98,116.43,137.41
2019-09-06,0.01,1.53,,-0.52,15.0,130.51,103.34
2019-09-13,0.23,1.79,,-0.515,13.74,103.12,110.13
2019-09-20,0.13,1.69,,-0.511,15.32,98.34,137.73
2019-09-27,0.16,1.63,,-0.511,17.22,101.26,109.41
2019-10-04,0.02,1.4,,-0.515,17.04,105.75,84.54
2019-10-11,0.2,1.63,,-0.523,15.58,95.08,161.79
2019-10-18,0.16,1.58,,-0.536,14.25,64.05,160.1
2019-10-25,0.15,1.63,,-0.55,12.65,67.88,117.68
2019-11-01,0.14,1.56,,-0.561,12.3,35.14,88.2
2019-11-08,0.23,1.68,,-0.571,12.07,127.43,107.25
2019-11-15,0.21,1.61,,-0.576,12.05,56.77,108.84
2019-11-22,0.15,1.61,,-0.575,12.34,83.86,96.33
2019-11-29,0.17,1.61,,-0.57,12.62,122.19,106.19
2019-12-06,0.15,1.61,,-0.561,13.62,134.85,85.61
2019-12-13,0.12,1.61,,-0.553,12.63,164.4,100.77
2019-12-20,0.15,1.63,,-0.549,12.51,141.48,77.86
2019-12-27,0.15,1.59,,-0.554,13.43,127.92,112.75
2020-01-03,0.03,1.53,,-0.567,14.02,108.1,106.98
2020-01-10,0.07,1.56,,-0.587,12.56,74.58,185.86
2020-01-17,0.09,1.58,,-0.609,12.1,77.76,112.23
2020-01-24,0.02,1.49,,-0.623,14.56,48.48,109.15
2020-01-31,-0.14,1.33,,-0.621,18.84,122.2,112.4
2020-02-07,-0.07,1.41,,-0.595,15.47,130.27,94.5
2020-02-14,-0.07,1.42,,-0.535,13.68,71.98,86.09
2020-02-21,-0.15,1.34,,-0.435,17.08,106.59,93.75
2020-02-28,-0.28,0.86,,-0.296,40.11,172.45,102.39
2020-03-06,-0.57,0.49,,-0.135,41.94,132.5,76.39
2020-03-13,0.04,0.49,,0.03,57.83,330.85,52.22
2020-03-20,0.17,0.37,,0.176,66.04,633.51,71.56
2020-03-27,-0.22,0.25,,0.268,65.54,557.18,68.31
2020-04-03,-0.46,0.23,,0.306,46.8,540.5,66.36
2020-04-10,-0.5,0.23,,0.293,41.67,461.87,50.58
2020-04-17,-0.36,0.2,,0.238,38.15,573.7,38.19
2020-04-24,-0.51,0.22,,0.16,35.93,562.5,54.16
2020-05-01,-0.42,0.2,,0.062,37.19,516.72,61.02
2020-05-08,-0.43,0.16,,-0.037,27.98,488.53,45.63
2020-05-15,-0.45,0.16,,-0.127,31.89,374.22,39.38
2020-05-22,-0.46,0.17,,-0.207,28.16,418.96,113.66
2020-05-29,-0.5,0.16,,-0.27,27.51,426.28,93.99
2020-06-05,-0.36,0.22,,-0.316,24.52,235.07,70.59
2020-06-12,-0.5,0.19,,-0.346,36.09,293.12,66.44
2020-06-19,-0.6,0.19,,-0.368,35.12,450.64,81.1
2020-06-26,-0.68,0.17,,-0.386,34.73,260.33,75.93
2020-07-03,-0.73,0.16,,-0.403,27.68,412.01,92.54
2020-07-10,-0.76,0.16,,-0.422,27.29,259.27,55.15
2020-07-17,-0.82,0.14,,-0.44,25.68,555.06,75.29
2020-07-24,-0.92,0.14,,-0.459,25.84,290.25,60.93
2020-07-31,-1.0,0.11,,-0.477,24.46,384.08,79.26
2020-08-07,-1.04,0.13,,-0.49,22.21,276.7,112.4
2020-08-14,-0.94,0.14,,-0.501,22.05,345.8,91.02
2020-08-21,-1.0,0.16,,-0.507,22.54,286.03,97.22
2020-08-28,-1.03,0.14,,-0.509,22.96,296.28,77.52
2020-09-04,-0.98,0.14,,-0.507,30.75,224.01,119.26
2020-09-11,-0.98,0.13,,-0.502,26.87,237.03,123.94
2020-09-18,-0.97,0.14,,-0.498,25.83,244.41,78.37
2020-09-25,-0.92,0.12,,-0.493,26.38,252.32,77.72
2020-10-02,-0.94,0.13,,-0.49,27.63,390.29,79.27
2020-10-09,-0.94,0.16,,-0.49,25.0,306.7,70.21
2020-10-16,-0.95,0.14,,-0.492,27.41,200.48,105.41
2020-10-23,-0.9,0.18,,-0.498,27.55,138.34,41.97
2020-10-30,-0.82,0.14,,-0.507,38.02,277.43,61.9
2020-11-06,-0.82,0.16,,-0.521,24.86,390.29,53.3
2020-11-13,-0.83,0.17,,-0.537,23.1,123.79,60.91
2020-11-20,-0.86,0.16,,-0.553,23.7,230.2,70.21
2020-11-27,-0.91,0.16,,-0.568,20.84,238.32,75.04
2020-12-04,-0.92,0.16,,-0.58,20.79,215.13,77.58
2020-12-11,-0.97,0.11,,-0.59,23.31,122.3,87.77
2020-12-18,-1.0,0.13,,-0.598,21.57,146.67,88.53
2020-12-25,-1.03,0.13,,-0.604,21.53,174.42,72.18
2021-01-01,-1.06,0.13,,-0.609,22.75,429.48,61.6
2021-01-08,-0.93,0.14,,-0.614,21.56,104.8,77.23
2021-01-15,-0.99,0.13,,-0.616,24.34,149.93,119.67
2021-01-22,-0.99,0.13,,-0.619,21.91,192.0,91.35
2021-01-29,-1.02,0.11,,-0.619,33.09,248.96,92.92
2021-02-05,-1.02,0.09,,-0.621,20.87,111.2,70.56
2021-02-12,-1.01,0.11,,-0.623,19.97,211.29,70.48
2021-02-19,-0.8,0.11,,-0.625,22.05,106.51,84.52
2021-02-26,-0.71,0.14,,-0.627,27.95,223.25,103.17
2021-03-05,-0.66,0.14,,-0.631,24.66,231.03,108.33
2021-03-12,-0.62,0.14,,-0.636,20.69,106.71,47.69
2021-03-19,-0.57,0.16,,-0.642,20.95,211.66,131.47
2021-03-26,-0.67,0.14,,-0.648,18.86,108.99,76.27
2021-04-02,-0.64,0.19,,-0.655,17.33,130.61,89.79
2021-04-09,-0.64,0.16,,-0.663,16.69,115.04,87.72
2021-04-16,-0.77,0.16,,-0.67,16.25,86.85,137.73
2021-04-23,-0.76,0.16,,-0.676,17.33,102.84,110.46
2021-04-30,-0.76,0.16,,-0.681,18.61,125.83,66.63
2021-05-07,-0.89,0.14,,-0.686,16.69,170.41,104.3
2021-05-14,-0.88,0.16,,-0.688,18.81,100.11,143.0
2021-05-21,-0.8,0.17,,-0.691,20.15,108.94,137.17
2021-05-28,-0.84,0.14,,-0.693,16.76,171.86,106.78
2021-06-04,-0.84,0.14,,-0.694,16.42,68.0,90.66
2021-06-11,-0.85,0.16,,-0.693,15.65,97.74,90.66
2021-06-18,-0.79,0.26,,-0.69,20.7,142.32,83.47
2021-06-25,-0.8,0.28,,-0.686,15.62,92.88,101.47
2021-07-02,-0.89,0.24,,-0.681,15.07,133.09,74.35
2021-07-09,-0.91,0.23,,-0.674,16.18,84.3,65.52
2021-07-16,-1.02,0.25,,-0.667,18.45,140.71,121.06
2021-07-23,-1.05,0.22,,-0.661,17.2,138.66,85.12
2021-07-30,-1.16,0.19,,-0.655,18.24,133.44,62.53
2021-08-06,-1.06,0.21,,-0.651,16.15,107.12,74.68
2021-08-13,-1.08,0.23,,-0.648,15.45,101.4,93.57
2021-08-20,-1.01,0.23,,-0.646,18.56,85.35,134.88
2021-08-27,-1.08,0.22,,-0.647,16.39,69.52,175.11
2021-09-03,-1.01,0.21,,-0.648,16.41,88.32,84.16
2021-09-10,-1.05,0.23,,-0.65,20.95,72.22,86.62
2021-09-17,-0.96,0.23,,-0.652,20.81,83.45,138.7
2021-09-24,-0.87,0.29,,-0.653,17.75,86.86,103.04
2021-10-01,-0.9,0.27,,-0.654,21.15,88.83,70.23
2021-10-08,-0.89,0.32,,-0.652,18.77,96.69,84.35
2021-10-15,-0.97,0.41,,-0.646,16.3,65.19,90.66
2021-10-22,-0.98,0.48,,-0.636,15.43,101.73,110.41
2021-10-29,-0.96,0.48,,-0.622,16.26,77.35,63.73
2021-11-05,-1.09,0.39,,-0.604,16.48,211.53,48.76
2021-11-12,-1.15,0.53,,-0.585,16.29,202.74,93.58
2021-11-19,-1.11,0.52,,-0.567,17.91,120.37,117.48
2021-11-26,-1.07,0.5,,-0.551,28.62,57.97,79.56
2021-12-03,-1.08,0.6,,-0.54,30.67,219.57,102.79
2021-12-10,-0.96,0.67,,-0.538,18.69,78.93,92.34
2021-12-17,-0.97,0.66,,-0.541,21.57,130.93,110.84
2021-12-24,-0.97,0.71,,-0.548,17.96,98.9,81.08
2021-12-31,-1.04,0.73,,-0.556,17.22,132.09,83.12
2022-01-07,-0.72,0.87,,-0.562,18.76,57.41,88.15
2022-01-14,-0.66,0.99,,-0.562,19.19,73.63,102.94
2022-01-21,-0.59,1.01,,-0.556,28.85,126.04,127.12
2022-01-28,-0.66,1.15,,-0.542,27.66,129.34,133.05
2022-02-04,-0.48,1.31,,-0.523,23.22,171.57,139.67
2022-02-11,-0.51,1.5,,-0.498,27.36,67.68,149.72
2022-02-18,-0.49,1.47,,-0.468,27.75,180.25,141.73
2022-02-25,-0.57,1.55,,-0.439,27.59,161.59,511.99
2022-03-04,-0.93,1.5,,-0.412,31.98,219.09,384.04
2022-03-11,-0.94,1.75,,-0.391,30.75,232.96,367.21
2022-03-18,-0.72,1.97,,-0.379,23.87,171.27,292.26
2022-03-25,-0.47,2.3,,-0.373,20.81,209.01,272.39
2022-04-01,-0.41,2.44,,-0.371,19.63,114.29,212.62
2022-04-08,-0.15,2.53,,-0.368,21.16,124.74,234.63
2022-04-15,-0.06,2.47,,-0.361,22.7,98.36,273.93
2022-04-22,-0.08,2.72,,-0.351,28.21,148.56,181.39
2022-04-29,0.01,2.7,,-0.336,33.4,126.12,195.14
2022-05-06,0.26,2.72,,-0.319,30.19,212.5,171.38
2022-05-13,0.24,2.61,,-0.3,28.87,140.0,143.36
2022-05-20,0.23,2.6,,-0.281,29.43,185.12,154.13
2022-05-27,0.11,2.47,,-0.259,25.72,145.02,124.42
2022-06-03,0.22,2.66,,-0.236,24.79,163.85,163.14
2022-06-10,0.39,3.06,,-0.212,27.75,93.65,143.32
2022-06-17,0.67,3.17,,-0.188,31.13,108.29,146.47
2022-06-24,0.57,3.04,,-0.173,27.23,111.86,123.33
2022-07-01,0.54,2.84,,-0.167,26.7,177.73,165.32
2022-07-08,0.72,3.12,,-0.17,24.64,104.33,101.45
2022-07-15,0.57,3.13,,-0.183,24.23,210.77,170.23
2022-07-22,0.43,2.98,,-0.202,23.03,138.82,122.62
2022-07-29,0.14,2.89,,-0.22,21.33,130.23,152.08
2022-08-05,0.37,3.24,,-0.233,21.15,107.43,214.54
2022-08-12,0.37,3.25,,-0.241,19.53,48.55,185.28
2022-08-19,0.43,3.25,,-0.239,20.6,98.49,152.55
2022-08-26,0.47,3.37,,-0.226,25.56,121.88,147.17
2022-09-02,0.73,3.4,,-0.205,25.47,65.23,127.94
2022-09-09,0.91,3.56,,-0.18,22.79,66.03,96.2
2022-09-16,1.07,3.85,,-0.152,26.3,123.3,143.28
2022-09-23,1.32,4.2,,-0.127,29.92,133.87,216.45
2022-09-30,1.68,4.22,,-0.108,31.62,192.84,199.33
2022-10-07,1.62,4.3,,-0.101,31.36,139.82,191.3
2022-10-14,1.59,4.48,,-0.102,32.02,180.93,168.26
2022-10-21,1.69,4.49,,-0.113,29.69,107.34,167.78
2022-10-28,1.51,4.41,,-0.128,25.75,204.29,171.61
2022-11-04,1.69,4.66,,-0.145,24.55,122.07,145.61
2022-11-11,1.43,4.34,,-0.162,22.52,183.98,153.21
2022-11-18,1.57,4.51,,-0.175,23.12,133.39,165.37
2022-11-25,1.36,4.42,,-0.183,20.5,189.26,158.44
2022-12-02,1.08,4.28,,-0.187,19.06,48.03,118.1
2022-12-09,1.31,4.33,,-0.191,22.83,114.31,126.87
2022-12-16,1.35,4.17,,-0.197,22.62,99.07,132.16
2022-12-23,1.55,4.31,,-0.207,20.87,84.14,151.46
2022-12-30,1.58,4.41,,-0.225,21.67,199.3,154.16
2023-01-06,1.34,4.24,,-0.247,21.13,158.88,96.29
2023-01-13,1.31,4.22,,-0.272,18.35,141.9,116.26
2023-01-20,1.25,4.14,,-0.293,19.85,119.89,93.67
2023-01-27,1.19,4.19,,-0.309,18.51,110.89,181.64
2023-02-03,1.31,4.3,,-0.316,18.33,115.81,223.08
2023-02-10,1.41,4.5,,-0.312,20.53,99.82,183.26
2023-02-17,1.46,4.6,,-0.298,20.02,97.82,141.3
2023-02-24,1.57,4.78,,-0.272,21.67,82.35,225.19
2023-03-03,1.45,4.86,,-0.241,18.49,90.05,184.7
2023-03-10,1.44,4.6,,-0.209,24.8,167.33,135.94
2023-03-17,1.29,3.81,,-0.178,25.51,236.53,149.77
2023-03-24,1.16,3.76,,-0.159,21.74,163.72,168.8
2023-03-31,1.16,4.06,,-0.155,18.7,144.99,141.25
2023-04-07,1.14,3.97,,-0.158,18.4,65.4,179.95
2023-04-14,1.22,4.08,,-0.169,17.07,38.2,154.92
2023-04-21,1.29,4.17,,-0.182,16.77,118.21,127.98
2023-04-28,1.26,4.04,4.5,-0.193,15.78,94.05,180.95
2023-05-05,1.23,3.92,4.77,-0.202,17.19,100.93,74.5
2023-05-12,1.28,3.98,4.76,-0.209,17.03,190.28,108.33
2023-05-19,1.46,4.28,4.62,-0.213,16.81,111.5,157.4
2023-05-26,1.57,4.54,4.53,-0.215,17.95,220.29,110.26
2023-06-02,1.51,4.5,4.37,-0.216,14.6,96.48,160.17
2023-06-09,1.55,4.59,4.29,-0.217,13.83,58.14,114.21
2023-06-16,1.55,4.7,4.15,-0.219,13.54,56.58,126.36
2023-06-23,1.53,4.71,4.4,-0.223,13.44,74.02,155.04
2023-06-30,1.59,4.87,4.05,-0.23,13.59,96.85,101.7
2023-07-07,1.79,4.94,4.08,-0.238,14.83,93.53,167.64
2023-07-14,1.59,4.74,3.9,-0.251,13.34,206.65,176.98
2023-07-21,1.49,4.82,3.89,-0.266,13.6,80.78,111.87
2023-07-28,1.58,4.87,3.82,-0.282,13.33,82.35,113.16
2023-08-04,1.67,4.78,4.01,-0.3,17.1,60.58,112.64
2023-08-11,1.8,4.89,3.83,-0.315,14.84,170.3,155.04
2023-08-18,1.94,4.92,4.02,-0.328,17.3,36.93,184.11
2023-08-25,1.92,5.03,3.9,-0.336,15.68,137.35,147.21
2023-09-01,1.92,4.87,3.81,-0.342,13.09,57.38,100.74
2023-09-08,1.93,4.98,3.85,-0.342,13.84,37.05,111.8
2023-09-15,1.98,5.02,3.79,-0.337,13.79,63.69,106.57
2023-09-22,2.07,5.1,3.93,-0.328,17.2,42.8,141.95
2023-09-29,2.24,5.03,4.03,-0.316,17.52,136.08,112.64
2023-10-06,2.47,5.08,4.33,-0.305,17.45,95.46,205.6
2023-10-13,2.29,5.04,4.3,-0.295,19.32,58.76,322.64
2023-10-20,2.46,5.07,4.52,-0.289,21.71,287.49,332.91
2023-10-27,2.42,4.99,4.53,-0.288,21.27,90.17,262.58
2023-11-03,2.18,4.83,4.04,-0.293,14.91,72.02,248.75
2023-11-10,2.29,5.04,4.03,-0.302,14.17,127.96,215.13
2023-11-17,2.16,4.88,3.99,-0.312,13.8,168.58,186.76
2023-11-24,2.21,4.92,3.85,-0.323,12.46,94.64,213.06
2023-12-01,2.0,4.56,3.87,-0.334,12.63,38.37,187.34
2023-12-08,2.02,4.71,3.75,-0.342,12.35,64.67,177.97
2023-12-15,1.69,4.44,3.51,-0.351,12.28,61.4,223.94
2023-12-22,1.71,4.31,3.39,-0.36,13.03,52.02,180.22
2023-12-29,1.72,4.23,3.34,-0.369,12.45,107.55,133.48
2024-01-05,1.83,4.4,3.68,-0.377,13.35,106.49,154.65
2024-01-12,1.69,4.14,3.56,-0.385,12.7,76.85,190.24
2024-01-19,1.81,4.39,3.54,-0.392,13.3,147.36,147.75
2024-01-26,1.85,4.34,3.39,-0.399,13.26,85.29,202.52
2024-02-02,1.82,4.36,3.47,-0.405,13.85,55.14,194.35
2024-02-09,1.92,4.48,3.33,-0.412,12.93,67.61,162.72
2024-02-16,1.97,4.64,3.34,-0.42,14.24,58.32,183.36
2024-02-23,1.96,4.67,3.23,-0.428,13.75,117.11,201.0
2024-03-01,1.87,4.54,3.32,-0.434,13.11,58.59,190.28
2024-03-08,1.81,4.48,3.26,-0.438,14.74,36.66,183.84
2024-03-15,1.99,4.72,3.16,-0.44,14.41,181.53,149.2
2024-03-22,1.87,4.59,3.08,-0.439,13.06,73.05,121.65
2024-03-29,1.88,4.59,3.12,-0.435,13.01,90.04,144.53
2024-04-05,2.02,4.73,3.18,-0.43,16.03,65.9,190.53
2024-04-12,2.11,4.88,3.25,-0.425,17.31,164.38,149.87
2024-04-19,2.21,4.97,3.37,-0.42,18.71,69.55,181.06
2024-04-26,2.24,4.96,3.16,-0.418,15.03,71.47,201.44
2024-05-03,2.15,4.81,3.08,-0.418,13.49,55.72,162.0
2024-05-10,2.16,4.87,3.12,-0.419,12.55,103.08,173.35
2024-05-17,2.1,4.83,3.09,-0.419,11.99,54.29,202.19
2024-05-24,2.14,4.93,3.11,-0.418,11.93,153.24,151.22
2024-05-31,2.16,4.89,3.2,-0.415,12.92,72.4,138.65
2024-06-07,2.13,4.87,3.15,-0.409,12.22,55.59,128.06
2024-06-14,2.03,4.67,3.29,-0.402,12.66,88.92,128.48
2024-06-21,2.02,4.7,3.21,-0.394,13.2,76.15,202.44
2024-06-28,2.08,4.71,3.18,-0.387,12.44,56.38,150.29
2024-07-05,2.0,4.6,3.27,-0.382,12.48,778.95,110.79
2024-07-12,1.94,4.45,3.19,-0.377,12.46,109.49,134.24
2024-07-19,1.93,4.49,3.09,-0.372,16.52,88.76,133.48
2024-07-26,1.93,4.36,3.1,-0.368,16.39,68.12,160.68
2024-08-02,1.76,3.88,3.72,-0.366,23.39,97.69,234.64
2024-08-09,1.84,4.05,3.49,-0.368,20.37,122.7,193.54
2024-08-16,1.81,4.06,3.29,-0.376,14.8,194.96,194.15
2024-08-23,1.68,3.9,3.19,-0.386,15.86,69.6,157.48
2024-08-30,1.76,3.91,3.13,-0.398,15.0,60.89,184.99
2024-09-06,1.69,3.66,3.39,-0.409,22.38,103.01,171.69
2024-09-13,1.58,3.57,3.37,-0.419,16.56,92.86,134.32
2024-09-20,1.58,3.55,3.15,-0.427,16.15,66.37,194.92
2024-09-27,1.6,3.55,3.14,-0.433,16.96,90.48,165.96
2024-10-04,1.75,3.93,2.89,-0.437,19.21,74.53,194.8
2024-10-11,1.75,3.95,2.98,-0.441,20.46,247.06,120.84
2024-10-18,1.77,3.95,2.88,-0.445,18.03,70.12,205.0
2024-10-25,1.96,4.11,2.89,-0.45,20.33,83.65,147.79
2024-11-01,2.04,4.21,2.83,-0.456,21.88,116.29,119.98
2024-11-08,1.95,4.26,2.63,-0.464,14.94,308.41,147.75
2024-11-15,2.1,4.31,2.72,-0.471,16.14,268.42,138.1
2024-11-22,2.07,4.37,2.61,-0.476,15.24,135.37,179.01
2024-11-29,1.92,4.13,2.72,-0.479,13.51,174.81,149.87
2024-12-06,1.91,4.1,2.67,-0.481,12.77,390.69,171.21
2024-12-13,2.07,4.25,2.68,-0.483,13.81,141.68,155.21
2024-12-20,2.23,4.3,2.86,-0.484,18.36,180.8,155.44
2024-12-27,2.28,4.31,2.84,-0.488,15.95,104.31,243.23
2025-01-03,2.26,4.28,2.81,-0.493,16.13,167.41,268.82
2025-01-10,2.34,4.4,2.81,-0.499,19.54,147.76,155.15
2025-01-17,2.2,4.27,2.64,-0.504,15.97,173.63,153.46
2025-01-24,2.2,4.27,2.6,-0.509,14.85,189.16,149.2
2025-01-31,2.16,4.22,2.68,-0.512,16.43,495.78,158.9
2025-02-07,2.07,4.29,2.67,-0.511,16.54,332.89,158.2
2025-02-14,2.04,4.26,2.62,-0.507,14.77,297.91,183.24
2025-02-21,2.0,4.19,2.78,-0.497,18.21,375.62,188.32
2025-02-28,1.86,3.99,2.87,-0.484,19.63,345.22,216.84
2025-03-07,1.99,3.99,2.97,-0.467,23.37,556.7,188.32
2025-03-14,2.01,4.02,3.25,-0.449,21.77,442.46,197.29
2025-03-21,1.92,3.94,3.21,-0.431,19.28,390.35,198.24
2025-03-28,1.9,3.89,3.47,-0.414,21.65,362.44,196.86
2025-04-04,1.83,3.68,4.45,-0.4,45.31,550.44,209.96
2025-04-11,2.28,3.96,4.26,-0.389,37.56,833.81,173.45
2025-04-18,2.11,3.81,4.02,-0.389,29.65,417.47,168.6
2025-04-25,2.02,3.74,3.67,-0.396,24.84,515.91,216.03
2025-05-02,2.06,3.83,3.6,-0.409,22.68,592.35,164.9
2025-05-09,2.08,3.88,3.53,-0.426,21.9,535.71,179.08
2025-05-16,2.09,3.98,3.16,-0.444,17.24,516.56,160.28
2025-05-23,2.18,4.0,3.4,-0.458,22.29,328.74,182.94
2025-05-30,2.07,3.89,3.31,-0.47,18.57,514.0,196.53
2025-06-06,2.2,4.04,3.09,-0.479,16.77,351.94,182.16
2025-06-13,2.13,3.96,3.18,-0.487,20.82,270.05,164.28
2025-06-20,2.05,3.9,3.13,-0.493,20.62,326.33,321.04
2025-06-27,2.0,3.73,3.02,-0.5,16.32,305.07,214.91
2025-07-04,2.02,3.88,2.8,-0.507,17.48,631.92,183.57
2025-07-11,2.06,3.9,2.97,-0.513,16.4,322.44,212.31
2025-07-18,2.03,3.88,2.93,-0.518,16.41,428.28,153.09
2025-07-25,1.96,3.91,2.84,-0.522,14.93,227.42,174.18
2025-08-01,1.9,3.69,3.13,-0.525,20.38,563.27,199.48
2025-08-08,1.88,3.76,2.94,-0.527,15.15,239.92,182.06
2025-08-15,1.95,3.75,2.88,-0.529,15.09,323.06,139.83
2025-08-22,1.85,3.68,2.88,-0.53,14.22,155.54,147.7
2025-08-29,1.82,3.59,2.82,-0.531,15.36,250.15,149.2
2025-09-05,1.73,3.51,2.83,-0.531,15.18,601.23,170.23
2025-09-12,1.7,3.56,2.79,-0.531,14.76,268.43,238.01
2025-09-19,1.75,3.57,2.72,-0.53,15.45,204.23,161.25
2025-09-26,1.82,3.63,2.75,-0.529,15.29,409.49,141.18
2025-10-03,1.8,3.58,2.8,-0.527,16.65,306.79,195.33
2025-10-10,1.75,3.52,3.18,-0.525,21.66,314.78,236.63
2025-10-17,1.75,3.46,3.04,-0.522,20.78,551.3,203.99
2025-10-24,1.73,3.48,2.88,-0.519,16.37,327.22,141.11
2025-10-31,1.81,3.6,2.94,-0.515,17.44,439.77,201.97
2025-11-07,1.83,3.55,3.15,-0.512,19.08,337.82,109.95
2025-11-14,1.86,3.62,3.07,-0.51,19.83,302.37,109.98
2025-11-21,1.82,3.51,3.19,-0.509,23.43,265.43,132.21
2025-11-28,1.79,3.47,2.95,-0.51,16.35,323.26,248.92
2025-12-05,1.88,3.56,2.85,-0.513,15.41,236.11,192.34
2025-12-12,1.93,3.52,2.91,-0.518,15.74,355.26,145.1
2025-12-19,1.92,3.48,2.9,-0.526,14.91,313.6,196.76
2025-12-26,1.91,3.46,2.86,-0.537,13.6,513.83,212.42
2026-01-02,1.93,3.47,2.81,,14.95,307.63,133.78
