trade_date,raw_close,adj_close,asof_timestamp
2021-01-04T00:00:00,52.2859992980957,52.2859992980957,2021-01-04T00:00:00
2021-01-05T00:00:00,52.08000183105469,52.08000183105469,2021-01-05T00:00:00
2021-01-06T00:00:00,50.04899978637695,50.04899978637695,2021-01-06T00:00:00
2021-01-07T00:00:00,50.888999938964844,50.888999938964844,2021-01-07T00:00:00
2021-01-08T00:00:00,51.040000915527344,51.040000915527344,2021-01-08T00:00:00
2021-01-11T00:00:00,49.90999984741211,49.90999984741211,2021-01-11T00:00:00
2021-01-12T00:00:00,49.42499923706055,49.42499923706055,2021-01-12T00:00:00
2021-01-13T00:00:00,50.77899932861328,50.77899932861328,2021-01-13T00:00:00
2021-01-14T00:00:00,50.08599853515625,50.08599853515625,2021-01-14T00:00:00
2021-01-15T00:00:00,49.79800033569336,49.79800033569336,2021-01-15T00:00:00
2021-01-19T00:00:00,50.176998138427734,50.176998138427734,2021-01-19T00:00:00
2021-01-20T00:00:00,58.63399887084961,58.63399887084961,2021-01-20T00:00:00
2021-01-21T00:00:00,57.98400115966797,57.98400115966797,2021-01-21T00:00:00
2021-01-22T00:00:00,56.516998291015625,56.516998291015625,2021-01-22T00:00:00
2021-01-25T00:00:00,55.678001403808594,55.678001403808594,2021-01-25T00:00:00
2021-01-26T00:00:00,56.19300079345703,56.19300079345703,2021-01-26T00:00:00
2021-01-27T00:00:00,52.327999114990234,52.327999114990234,2021-01-27T00:00:00
2021-01-28T00:00:00,53.86000061035156,53.86000061035156,2021-01-28T00:00:00
2021-01-29T00:00:00,53.23899841308594,53.23899841308594,2021-01-29T00:00:00
2021-02-01T00:00:00,53.90399932861328,53.90399932861328,2021-02-01T00:00:00
2021-02-02T00:00:00,54.816001892089844,54.816001892089844,2021-02-02T00:00:00
2021-02-03T00:00:00,53.94499969482422,53.94499969482422,2021-02-03T00:00:00
2021-02-04T00:00:00,55.215999603271484,55.215999603271484,2021-02-04T00:00:00
2021-02-05T00:00:00,55.07899856567383,55.07899856567383,2021-02-05T00:00:00
2021-02-08T00:00:00,54.79199981689453,54.79199981689453,2021-02-08T00:00:00
2021-02-09T00:00:00,55.90700149536133,55.90700149536133,2021-02-09T00:00:00
2021-02-10T00:00:00,56.35900115966797,56.35900115966797,2021-02-10T00:00:00
2021-02-11T00:00:00,55.75899887084961,55.75899887084961,2021-02-11T00:00:00
2021-02-12T00:00:00,55.652000427246094,55.652000427246094,2021-02-12T00:00:00
2021-02-16T00:00:00,55.72800064086914,55.72800064086914,2021-02-16T00:00:00
2021-02-17T00:00:00,55.13399887084961,55.13399887084961,2021-02-17T00:00:00
2021-02-18T00:00:00,54.821998596191406,54.821998596191406,2021-02-18T00:00:00
2021-02-19T00:00:00,54.02199935913086,54.02199935913086,2021-02-19T00:00:00
2021-02-22T00:00:00,53.37799835205078,53.37799835205078,2021-02-22T00:00:00
2021-02-23T00:00:00,54.6150016784668,54.6150016784668,2021-02-23T00:00:00
2021-02-24T00:00:00,55.340999603271484,55.340999603271484,2021-02-24T00:00:00
2021-02-25T00:00:00,54.66999816894531,54.66999816894531,2021-02-25T00:00:00
2021-02-26T00:00:00,53.8849983215332,53.8849983215332,2021-02-26T00:00:00
2021-03-01T00:00:00,55.06399917602539,55.06399917602539,2021-03-01T00:00:00
2021-03-02T00:00:00,54.78200149536133,54.78200149536133,2021-03-02T00:00:00
2021-03-03T00:00:00,52.06999969482422,52.06999969482422,2021-03-03T00:00:00
2021-03-04T00:00:00,51.12900161743164,51.12900161743164,2021-03-04T00:00:00
2021-03-05T00:00:00,51.638999938964844,51.638999938964844,2021-03-05T00:00:00
2021-03-08T00:00:00,49.33300018310547,49.33300018310547,2021-03-08T00:00:00
2021-03-09T00:00:00,50.64400100708008,50.64400100708008,2021-03-09T00:00:00
2021-03-10T00:00:00,50.45399856567383,50.45399856567383,2021-03-10T00:00:00
2021-03-11T00:00:00,52.305999755859375,52.305999755859375,2021-03-11T00:00:00
2021-03-12T00:00:00,51.801998138427734,51.801998138427734,2021-03-12T00:00:00
2021-03-15T00:00:00,52.025001525878906,52.025001525878906,2021-03-15T00:00:00
2021-03-16T00:00:00,52.40299987792969,52.40299987792969,2021-03-16T00:00:00
2021-03-17T00:00:00,52.444000244140625,52.444000244140625,2021-03-17T00:00:00
2021-03-18T00:00:00,50.479000091552734,50.479000091552734,2021-03-18T00:00:00
2021-03-19T00:00:00,51.21799850463867,51.21799850463867,2021-03-19T00:00:00
2021-03-22T00:00:00,52.31100082397461,52.31100082397461,2021-03-22T00:00:00
2021-03-23T00:00:00,53.50899887084961,53.50899887084961,2021-03-23T00:00:00
2021-03-24T00:00:00,52.08100128173828,52.08100128173828,2021-03-24T00:00:00
2021-03-25T00:00:00,50.2859992980957,50.2859992980957,2021-03-25T00:00:00
2021-03-26T00:00:00,50.80500030517578,50.80500030517578,2021-03-26T00:00:00
2021-03-29T00:00:00,51.39500045776367,51.39500045776367,2021-03-29T00:00:00
2021-03-30T00:00:00,51.3390007019043,51.3390007019043,2021-03-30T00:00:00
2021-03-31T00:00:00,52.16600036621094,52.16600036621094,2021-03-31T00:00:00
2021-04-01T00:00:00,53.94200134277344,53.94200134277344,2021-04-01T00:00:00
2021-04-05T00:00:00,54.06700134277344,54.06700134277344,2021-04-05T00:00:00
2021-04-06T00:00:00,54.452999114990234,54.452999114990234,2021-04-06T00:00:00
2021-04-07T00:00:00,54.69900131225586,54.69900131225586,2021-04-07T00:00:00
2021-04-08T00:00:00,55.45800018310547,55.45800018310547,2021-04-08T00:00:00
2021-04-09T00:00:00,55.53099822998047,55.53099822998047,2021-04-09T00:00:00
2021-04-12T00:00:00,55.27799987792969,55.27799987792969,2021-04-12T00:00:00
2021-04-13T00:00:00,55.37300109863281,55.37300109863281,2021-04-13T00:00:00
2021-04-14T00:00:00,54.00199890136719,54.00199890136719,2021-04-14T00:00:00
2021-04-15T00:00:00,54.922000885009766,54.922000885009766,2021-04-15T00:00:00
2021-04-16T00:00:00,54.65399932861328,54.65399932861328,2021-04-16T00:00:00
2021-04-19T00:00:00,55.444000244140625,55.444000244140625,2021-04-19T00:00:00
2021-04-20T00:00:00,54.957000732421875,54.957000732421875,2021-04-20T00:00:00
2021-04-21T00:00:00,50.88999938964844,50.88999938964844,2021-04-21T00:00:00
2021-04-22T00:00:00,50.87799835205078,50.87799835205078,2021-04-22T00:00:00
2021-04-23T00:00:00,50.55500030517578,50.55500030517578,2021-04-23T00:00:00
2021-04-26T00:00:00,51.029998779296875,51.029998779296875,2021-04-26T00:00:00
2021-04-27T00:00:00,50.55500030517578,50.55500030517578,2021-04-27T00:00:00
2021-04-28T00:00:00,50.652000427246094,50.652000427246094,2021-04-28T00:00:00
2021-04-29T00:00:00,50.900001525878906,50.900001525878906,2021-04-29T00:00:00
2021-04-30T00:00:00,51.34700012207031,51.34700012207031,2021-04-30T00:00:00
2021-05-03T00:00:00,50.9109992980957,50.9109992980957,2021-05-03T00:00:00
2021-05-04T00:00:00,50.31800079345703,50.31800079345703,2021-05-04T00:00:00
2021-05-05T00:00:00,49.608001708984375,49.608001708984375,2021-05-05T00:00:00
2021-05-06T00:00:00,49.95500183105469,49.95500183105469,2021-05-06T00:00:00
2021-05-07T00:00:00,50.38399887084961,50.38399887084961,2021-05-07T00:00:00
2021-05-10T00:00:00,48.66899871826172,48.66899871826172,2021-05-10T00:00:00
2021-05-11T00:00:00,49.507999420166016,49.507999420166016,2021-05-11T00:00:00
2021-05-12T00:00:00,48.49800109863281,48.49800109863281,2021-05-12T00:00:00
2021-05-13T00:00:00,48.66600036621094,48.66600036621094,2021-05-13T00:00:00
2021-05-14T00:00:00,49.33700180053711,49.33700180053711,2021-05-14T00:00:00
2021-05-17T00:00:00,48.89400100708008,48.89400100708008,2021-05-17T00:00:00
2021-05-18T00:00:00,48.62799835205078,48.62799835205078,2021-05-18T00:00:00
2021-05-19T00:00:00,48.77000045776367,48.77000045776367,2021-05-19T00:00:00
2021-05-20T00:00:00,50.16699981689453,50.16699981689453,2021-05-20T00:00:00
2021-05-21T00:00:00,49.78900146484375,49.78900146484375,2021-05-21T00:00:00
2021-05-24T00:00:00,50.290000915527344,50.290000915527344,2021-05-24T00:00:00
2021-05-25T00:00:00,50.13399887084961,50.13399887084961,2021-05-25T00:00:00
2021-05-26T00:00:00,50.236000061035156,50.236000061035156,2021-05-26T00:00:00
2021-05-27T00:00:00,50.38600158691406,50.38600158691406,2021-05-27T00:00:00
2021-05-28T00:00:00,50.28099822998047,50.28099822998047,2021-05-28T00:00:00
2021-06-01T00:00:00,49.90800094604492,49.90800094604492,2021-06-01T00:00:00
2021-06-02T00:00:00,49.92399978637695,49.92399978637695,2021-06-02T00:00:00
2021-06-03T00:00:00,48.94300079345703,48.94300079345703,2021-06-03T00:00:00
2021-06-04T00:00:00,49.4739990234375,49.4739990234375,2021-06-04T00:00:00
2021-06-07T00:00:00,49.465999603271484,49.465999603271484,2021-06-07T00:00:00
2021-06-08T00:00:00,49.23899841308594,49.23899841308594,2021-06-08T00:00:00
2021-06-09T00:00:00,48.58100128173828,48.58100128173828,2021-06-09T00:00:00
2021-06-10T00:00:00,48.72700119018555,48.72700119018555,2021-06-10T00:00:00
2021-06-11T00:00:00,48.87699890136719,48.87699890136719,2021-06-11T00:00:00
2021-06-14T00:00:00,49.98899841308594,49.98899841308594,2021-06-14T00:00:00
2021-06-15T00:00:00,49.189998626708984,49.189998626708984,2021-06-15T00:00:00
2021-06-16T00:00:00,49.24100112915039,49.24100112915039,2021-06-16T00:00:00
2021-06-17T00:00:00,49.83399963378906,49.83399963378906,2021-06-17T00:00:00
2021-06-18T00:00:00,50.07699966430664,50.07699966430664,2021-06-18T00:00:00
2021-06-21T00:00:00,49.70000076293945,49.70000076293945,2021-06-21T00:00:00
2021-06-22T00:00:00,50.88199996948242,50.88199996948242,2021-06-22T00:00:00
2021-06-23T00:00:00,51.27399826049805,51.27399826049805,2021-06-23T00:00:00
2021-06-24T00:00:00,51.805999755859375,51.805999755859375,2021-06-24T00:00:00
2021-06-25T00:00:00,52.707000732421875,52.707000732421875,2021-06-25T00:00:00
2021-06-28T00:00:00,53.303001403808594,53.303001403808594,2021-06-28T00:00:00
2021-06-29T00:00:00,53.349998474121094,53.349998474121094,2021-06-29T00:00:00
2021-06-30T00:00:00,52.82099914550781,52.82099914550781,2021-06-30T00:00:00
2021-07-01T00:00:00,53.354000091552734,53.354000091552734,2021-07-01T00:00:00
2021-07-02T00:00:00,53.39799880981445,53.39799880981445,2021-07-02T00:00:00
2021-07-06T00:00:00,54.16400146484375,54.16400146484375,2021-07-06T00:00:00
2021-07-07T00:00:00,53.59600067138672,53.59600067138672,2021-07-07T00:00:00
2021-07-08T00:00:00,53.07600021362305,53.07600021362305,2021-07-08T00:00:00
2021-07-09T00:00:00,53.597999572753906,53.597999572753906,2021-07-09T00:00:00
2021-07-12T00:00:00,53.73099899291992,53.73099899291992,2021-07-12T00:00:00
2021-07-13T00:00:00,54.06800079345703,54.06800079345703,2021-07-13T00:00:00
2021-07-14T00:00:00,54.79499816894531,54.79499816894531,2021-07-14T00:00:00
2021-07-15T00:00:00,54.29499816894531,54.29499816894531,2021-07-15T00:00:00
2021-07-16T00:00:00,53.03099822998047,53.03099822998047,2021-07-16T00:00:00
2021-07-19T00:00:00,53.22800064086914,53.22800064086914,2021-07-19T00:00:00
2021-07-20T00:00:00,53.10499954223633,53.10499954223633,2021-07-20T00:00:00
2021-07-21T00:00:00,51.362998962402344,51.362998962402344,2021-07-21T00:00:00
2021-07-22T00:00:00,51.176998138427734,51.176998138427734,2021-07-22T00:00:00
2021-07-23T00:00:00,51.54100036621094,51.54100036621094,2021-07-23T00:00:00
2021-07-26T00:00:00,51.64899826049805,51.64899826049805,2021-07-26T00:00:00
2021-07-27T00:00:00,51.89099884033203,51.89099884033203,2021-07-27T00:00:00
2021-07-28T00:00:00,51.93000030517578,51.93000030517578,2021-07-28T00:00:00
2021-07-29T00:00:00,51.42499923706055,51.42499923706055,2021-07-29T00:00:00
2021-07-30T00:00:00,51.75699996948242,51.75699996948242,2021-07-30T00:00:00
2021-08-02T00:00:00,51.51499938964844,51.51499938964844,2021-08-02T00:00:00
2021-08-03T00:00:00,51.082000732421875,51.082000732421875,2021-08-03T00:00:00
2021-08-04T00:00:00,51.73500061035156,51.73500061035156,2021-08-04T00:00:00
2021-08-05T00:00:00,52.48899841308594,52.48899841308594,2021-08-05T00:00:00
2021-08-06T00:00:00,52.05500030517578,52.05500030517578,2021-08-06T00:00:00
2021-08-09T00:00:00,51.99700164794922,51.99700164794922,2021-08-09T00:00:00
2021-08-10T00:00:00,51.58399963378906,51.58399963378906,2021-08-10T00:00:00
2021-08-11T00:00:00,51.2400016784668,51.2400016784668,2021-08-11T00:00:00
2021-08-12T00:00:00,51.071998596191406,51.071998596191406,2021-08-12T00:00:00
2021-08-13T00:00:00,51.59199905395508,51.59199905395508,2021-08-13T00:00:00
2021-08-16T00:00:00,51.79199981689453,51.79199981689453,2021-08-16T00:00:00
2021-08-17T00:00:00,51.89099884033203,51.89099884033203,2021-08-17T00:00:00
2021-08-18T00:00:00,52.1870002746582,52.1870002746582,2021-08-18T00:00:00
2021-08-19T00:00:00,54.37099838256836,54.37099838256836,2021-08-19T00:00:00
2021-08-20T00:00:00,54.6879997253418,54.6879997253418,2021-08-20T00:00:00
2021-08-23T00:00:00,55.33300018310547,55.33300018310547,2021-08-23T00:00:00
2021-08-24T00:00:00,55.340999603271484,55.340999603271484,2021-08-24T00:00:00
2021-08-25T00:00:00,54.757999420166016,54.757999420166016,2021-08-25T00:00:00
2021-08-26T00:00:00,55.012001037597656,55.012001037597656,2021-08-26T00:00:00
2021-08-27T00:00:00,55.891998291015625,55.891998291015625,2021-08-27T00:00:00
2021-08-30T00:00:00,56.61800003051758,56.61800003051758,2021-08-30T00:00:00
2021-08-31T00:00:00,56.91899871826172,56.91899871826172,2021-08-31T00:00:00
2021-09-01T00:00:00,58.207000732421875,58.207000732421875,2021-09-01T00:00:00
2021-09-02T00:00:00,58.85499954223633,58.85499954223633,2021-09-02T00:00:00
2021-09-03T00:00:00,59.053001403808594,59.053001403808594,2021-09-03T00:00:00
2021-09-07T00:00:00,60.67100143432617,60.67100143432617,2021-09-07T00:00:00
2021-09-08T00:00:00,60.60499954223633,60.60499954223633,2021-09-08T00:00:00
2021-09-09T00:00:00,59.75400161743164,59.75400161743164,2021-09-09T00:00:00
2021-09-10T00:00:00,59.87200164794922,59.87200164794922,2021-09-10T00:00:00
2021-09-13T00:00:00,58.92900085449219,58.92900085449219,2021-09-13T00:00:00
2021-09-14T00:00:00,57.7760009765625,57.7760009765625,2021-09-14T00:00:00
2021-09-15T00:00:00,58.2869987487793,58.2869987487793,2021-09-15T00:00:00
2021-09-16T00:00:00,58.650001525878906,58.650001525878906,2021-09-16T00:00:00
2021-09-17T00:00:00,58.935001373291016,58.935001373291016,2021-09-17T00:00:00
2021-09-20T00:00:00,57.542999267578125,57.542999267578125,2021-09-20T00:00:00
2021-09-21T00:00:00,57.31399917602539,57.31399917602539,2021-09-21T00:00:00
2021-09-22T00:00:00,59.064998626708984,59.064998626708984,2021-09-22T00:00:00
2021-09-23T00:00:00,59.32600021362305,59.32600021362305,2021-09-23T00:00:00
2021-09-24T00:00:00,59.23899841308594,59.23899841308594,2021-09-24T00:00:00
2021-09-27T00:00:00,59.263999938964844,59.263999938964844,2021-09-27T00:00:00
2021-09-28T00:00:00,58.3849983215332,58.3849983215332,2021-09-28T00:00:00
2021-09-29T00:00:00,59.90599822998047,59.90599822998047,2021-09-29T00:00:00
2021-09-30T00:00:00,61.034000396728516,61.034000396728516,2021-09-30T00:00:00
2021-10-01T00:00:00,61.314998626708984,61.314998626708984,2021-10-01T00:00:00
2021-10-04T00:00:00,60.334999084472656,60.334999084472656,2021-10-04T00:00:00
2021-10-05T00:00:00,63.48099899291992,63.48099899291992,2021-10-05T00:00:00
2021-10-06T00:00:00,63.90999984741211,63.90999984741211,2021-10-06T00:00:00
2021-10-07T00:00:00,63.185001373291016,63.185001373291016,2021-10-07T00:00:00
2021-10-08T00:00:00,63.26599884033203,63.26599884033203,2021-10-08T00:00:00
2021-10-11T00:00:00,62.70399856567383,62.70399856567383,2021-10-11T00:00:00
2021-10-12T00:00:00,62.49399948120117,62.49399948120117,2021-10-12T00:00:00
2021-10-13T00:00:00,62.97600173950195,62.97600173950195,2021-10-13T00:00:00
2021-10-14T00:00:00,63.380001068115234,63.380001068115234,2021-10-14T00:00:00
2021-10-15T00:00:00,62.82899856567383,62.82899856567383,2021-10-15T00:00:00
2021-10-18T00:00:00,63.797000885009766,63.797000885009766,2021-10-18T00:00:00
2021-10-19T00:00:00,63.900001525878906,63.900001525878906,2021-10-19T00:00:00
2021-10-20T00:00:00,62.513999938964844,62.513999938964844,2021-10-20T00:00:00
2021-10-21T00:00:00,65.31600189208984,65.31600189208984,2021-10-21T00:00:00
2021-10-22T00:00:00,66.47799682617188,66.47799682617188,2021-10-22T00:00:00
2021-10-25T00:00:00,67.16600036621094,67.16600036621094,2021-10-25T00:00:00
2021-10-26T00:00:00,66.85199737548828,66.85199737548828,2021-10-26T00:00:00
2021-10-27T00:00:00,66.29199981689453,66.29199981689453,2021-10-27T00:00:00
2021-10-28T00:00:00,67.40499877929688,67.40499877929688,2021-10-28T00:00:00
2021-10-29T00:00:00,69.03099822998047,69.03099822998047,2021-10-29T00:00:00
2021-11-01T00:00:00,68.11699676513672,68.11699676513672,2021-11-01T00:00:00
2021-11-02T00:00:00,67.77200317382812,67.77200317382812,2021-11-02T00:00:00
2021-11-03T00:00:00,68.8290023803711,68.8290023803711,2021-11-03T00:00:00
2021-11-04T00:00:00,66.83999633789062,66.83999633789062,2021-11-04T00:00:00
2021-11-05T00:00:00,64.5719985961914,64.5719985961914,2021-11-05T00:00:00
2021-11-08T00:00:00,65.1449966430664,65.1449966430664,2021-11-08T00:00:00
2021-11-09T00:00:00,65.5989990234375,65.5989990234375,2021-11-09T00:00:00
2021-11-10T00:00:00,64.69100189208984,64.69100189208984,2021-11-10T00:00:00
2021-11-11T00:00:00,65.75800323486328,65.75800323486328,2021-11-11T00:00:00
2021-11-12T00:00:00,68.26100158691406,68.26100158691406,2021-11-12T00:00:00
2021-11-15T00:00:00,67.93299865722656,67.93299865722656,2021-11-15T00:00:00
2021-11-16T00:00:00,68.73999786376953,68.73999786376953,2021-11-16T00:00:00
2021-11-17T00:00:00,69.16899871826172,69.16899871826172,2021-11-17T00:00:00
2021-11-18T00:00:00,68.2020034790039,68.2020034790039,2021-11-18T00:00:00
2021-11-19T00:00:00,67.87999725341797,67.87999725341797,2021-11-19T00:00:00
2021-11-22T00:00:00,65.91999816894531,65.91999816894531,2021-11-22T00:00:00
2021-11-23T00:00:00,65.40599822998047,65.40599822998047,2021-11-23T00:00:00
2021-11-24T00:00:00,65.8290023803711,65.8290023803711,2021-11-24T00:00:00
2021-11-26T00:00:00,66.56400299072266,66.56400299072266,2021-11-26T00:00:00
2021-11-29T00:00:00,66.38400268554688,66.38400268554688,2021-11-29T00:00:00
2021-11-30T00:00:00,64.19000244140625,64.19000244140625,2021-11-30T00:00:00
2021-12-01T00:00:00,61.777000427246094,61.777000427246094,2021-12-01T00:00:00
2021-12-02T00:00:00,61.64699935913086,61.64699935913086,2021-12-02T00:00:00
2021-12-03T00:00:00,60.2130012512207,60.2130012512207,2021-12-03T00:00:00
2021-12-06T00:00:00,61.26900100708008,61.26900100708008,2021-12-06T00:00:00
2021-12-07T00:00:00,62.55799865722656,62.55799865722656,2021-12-07T00:00:00
2021-12-08T00:00:00,62.80799865722656,62.80799865722656,2021-12-08T00:00:00
2021-12-09T00:00:00,61.099998474121094,61.099998474121094,2021-12-09T00:00:00
2021-12-10T00:00:00,61.16600036621094,61.16600036621094,2021-12-10T00:00:00
2021-12-13T00:00:00,60.45600128173828,60.45600128173828,2021-12-13T00:00:00
2021-12-14T00:00:00,59.79899978637695,59.79899978637695,2021-12-14T00:00:00
2021-12-15T00:00:00,60.50400161743164,60.50400161743164,2021-12-15T00:00:00
2021-12-16T00:00:00,59.10599899291992,59.10599899291992,2021-12-16T00:00:00
2021-12-17T00:00:00,58.67300033569336,58.67300033569336,2021-12-17T00:00:00
2021-12-20T00:00:00,59.374000549316406,59.374000549316406,2021-12-20T00:00:00
2021-12-21T00:00:00,60.492000579833984,60.492000579833984,2021-12-21T00:00:00
2021-12-22T00:00:00,61.42399978637695,61.42399978637695,2021-12-22T00:00:00
2021-12-23T00:00:00,61.409000396728516,61.409000396728516,2021-12-23T00:00:00
2021-12-27T00:00:00,61.3120002746582,61.3120002746582,2021-12-27T00:00:00
2021-12-28T00:00:00,61.07099914550781,61.07099914550781,2021-12-28T00:00:00
2021-12-29T00:00:00,61.05400085449219,61.05400085449219,2021-12-29T00:00:00
2021-12-30T00:00:00,61.20899963378906,61.20899963378906,2021-12-30T00:00:00
2021-12-31T00:00:00,60.24399948120117,60.24399948120117,2021-12-31T00:00:00
2022-01-03T00:00:00,59.73699951171875,59.73699951171875,2022-01-03T00:00:00
2022-01-04T00:00:00,59.1150016784668,59.1150016784668,2022-01-04T00:00:00
2022-01-05T00:00:00,56.75199890136719,56.75199890136719,2022-01-05T00:00:00
2022-01-06T00:00:00,55.32899856567383,55.32899856567383,2022-01-06T00:00:00
2022-01-07T00:00:00,54.10599899291992,54.10599899291992,2022-01-07T00:00:00
2022-01-10T00:00:00,53.98500061035156,53.98500061035156,2022-01-10T00:00:00
2022-01-11T00:00:00,54.08399963378906,54.08399963378906,2022-01-11T00:00:00
2022-01-12T00:00:00,53.72200012207031,53.72200012207031,2022-01-12T00:00:00
2022-01-13T00:00:00,51.91999816894531,51.91999816894531,2022-01-13T00:00:00
2022-01-14T00:00:00,52.569000244140625,52.569000244140625,2022-01-14T00:00:00
2022-01-18T00:00:00,51.08000183105469,51.08000183105469,2022-01-18T00:00:00
2022-01-19T00:00:00,51.58599853515625,51.58599853515625,2022-01-19T00:00:00
2022-01-20T00:00:00,50.82500076293945,50.82500076293945,2022-01-20T00:00:00
2022-01-21T00:00:00,39.75,39.75,2022-01-21T00:00:00
2022-01-24T00:00:00,38.71500015258789,38.71500015258789,2022-01-24T00:00:00
2022-01-25T00:00:00,36.641998291015625,36.641998291015625,2022-01-25T00:00:00
2022-01-26T00:00:00,35.970001220703125,35.970001220703125,2022-01-26T00:00:00
2022-01-27T00:00:00,38.66999816894531,38.66999816894531,2022-01-27T00:00:00
2022-01-28T00:00:00,38.43600082397461,38.43600082397461,2022-01-28T00:00:00
2022-01-31T00:00:00,42.7140007019043,42.7140007019043,2022-01-31T00:00:00
2022-02-01T00:00:00,45.7130012512207,45.7130012512207,2022-02-01T00:00:00
2022-02-02T00:00:00,42.948001861572266,42.948001861572266,2022-02-02T00:00:00
2022-02-03T00:00:00,40.560001373291016,40.560001373291016,2022-02-03T00:00:00
2022-02-04T00:00:00,41.016998291015625,41.016998291015625,2022-02-04T00:00:00
2022-02-07T00:00:00,40.209999084472656,40.209999084472656,2022-02-07T00:00:00
2022-02-08T00:00:00,40.35300064086914,40.35300064086914,2022-02-08T00:00:00
2022-02-09T00:00:00,41.28900146484375,41.28900146484375,2022-02-09T00:00:00
2022-02-10T00:00:00,40.62699890136719,40.62699890136719,2022-02-10T00:00:00
2022-02-11T00:00:00,39.13100051879883,39.13100051879883,2022-02-11T00:00:00
2022-02-14T00:00:00,39.65700149536133,39.65700149536133,2022-02-14T00:00:00
2022-02-15T00:00:00,40.74599838256836,40.74599838256836,2022-02-15T00:00:00
2022-02-16T00:00:00,39.80799865722656,39.80799865722656,2022-02-16T00:00:00
2022-02-17T00:00:00,38.66699981689453,38.66699981689453,2022-02-17T00:00:00
2022-02-18T00:00:00,39.12900161743164,39.12900161743164,2022-02-18T00:00:00
2022-02-22T00:00:00,37.737998962402344,37.737998962402344,2022-02-22T00:00:00
2022-02-23T00:00:00,36.74599838256836,36.74599838256836,2022-02-23T00:00:00
2022-02-24T00:00:00,39.00299835205078,39.00299835205078,2022-02-24T00:00:00
2022-02-25T00:00:00,39.08000183105469,39.08000183105469,2022-02-25T00:00:00
2022-02-28T00:00:00,39.45199966430664,39.45199966430664,2022-02-28T00:00:00
2022-03-01T00:00:00,38.624000549316406,38.624000549316406,2022-03-01T00:00:00
2022-03-02T00:00:00,38.00299835205078,38.00299835205078,2022-03-02T00:00:00
2022-03-03T00:00:00,36.80699920654297,36.80699920654297,2022-03-03T00:00:00
2022-03-04T00:00:00,36.17300033569336,36.17300033569336,2022-03-04T00:00:00
2022-03-07T00:00:00,35.0260009765625,35.0260009765625,2022-03-07T00:00:00
2022-03-08T00:00:00,34.17599868774414,34.17599868774414,2022-03-08T00:00:00
2022-03-09T00:00:00,35.87900161743164,35.87900161743164,2022-03-09T00:00:00
2022-03-10T00:00:00,35.676998138427734,35.676998138427734,2022-03-10T00:00:00
2022-03-11T00:00:00,34.03200149536133,34.03200149536133,2022-03-11T00:00:00
2022-03-14T00:00:00,33.10100173950195,33.10100173950195,2022-03-14T00:00:00
2022-03-15T00:00:00,34.375,34.375,2022-03-15T00:00:00
2022-03-16T00:00:00,35.75299835205078,35.75299835205078,2022-03-16T00:00:00
2022-03-17T00:00:00,37.13999938964844,37.13999938964844,2022-03-17T00:00:00
2022-03-18T00:00:00,38.060001373291016,38.060001373291016,2022-03-18T00:00:00
2022-03-21T00:00:00,37.45899963378906,37.45899963378906,2022-03-21T00:00:00
2022-03-22T00:00:00,38.29199981689453,38.29199981689453,2022-03-22T00:00:00
2022-03-23T00:00:00,37.44900131225586,37.44900131225586,2022-03-23T00:00:00
2022-03-24T00:00:00,37.57099914550781,37.57099914550781,2022-03-24T00:00:00
2022-03-25T00:00:00,37.3849983215332,37.3849983215332,2022-03-25T00:00:00
2022-03-28T00:00:00,37.85100173950195,37.85100173950195,2022-03-28T00:00:00
2022-03-29T00:00:00,39.18199920654297,39.18199920654297,2022-03-29T00:00:00
2022-03-30T00:00:00,38.14699935913086,38.14699935913086,2022-03-30T00:00:00
2022-03-31T00:00:00,37.45899963378906,37.45899963378906,2022-03-31T00:00:00
2022-04-01T00:00:00,37.34700012207031,37.34700012207031,2022-04-01T00:00:00
2022-04-04T00:00:00,39.150001525878906,39.150001525878906,2022-04-04T00:00:00
2022-04-05T00:00:00,38.01499938964844,38.01499938964844,2022-04-05T00:00:00
2022-04-06T00:00:00,36.834999084472656,36.834999084472656,2022-04-06T00:00:00
2022-04-07T00:00:00,36.21500015258789,36.21500015258789,2022-04-07T00:00:00
2022-04-08T00:00:00,35.5880012512207,35.5880012512207,2022-04-08T00:00:00
2022-04-11T00:00:00,34.79999923706055,34.79999923706055,2022-04-11T00:00:00
2022-04-12T00:00:00,34.40999984741211,34.40999984741211,2022-04-12T00:00:00
2022-04-13T00:00:00,35.042999267578125,35.042999267578125,2022-04-13T00:00:00
2022-04-14T00:00:00,34.112998962402344,34.112998962402344,2022-04-14T00:00:00
2022-04-18T00:00:00,33.7859992980957,33.7859992980957,2022-04-18T00:00:00
2022-04-19T00:00:00,34.861000061035156,34.861000061035156,2022-04-19T00:00:00
2022-04-20T00:00:00,22.618999481201172,22.618999481201172,2022-04-20T00:00:00
2022-04-21T00:00:00,21.82200050354004,21.82200050354004,2022-04-21T00:00:00
2022-04-22T00:00:00,21.552000045776367,21.552000045776367,2022-04-22T00:00:00
2022-04-25T00:00:00,20.990999221801758,20.990999221801758,2022-04-25T00:00:00
2022-04-26T00:00:00,19.84000015258789,19.84000015258789,2022-04-26T00:00:00
2022-04-27T00:00:00,18.854000091552734,18.854000091552734,2022-04-27T00:00:00
2022-04-28T00:00:00,19.95199966430664,19.95199966430664,2022-04-28T00:00:00
2022-04-29T00:00:00,19.035999298095703,19.035999298095703,2022-04-29T00:00:00
2022-05-02T00:00:00,19.945999145507812,19.945999145507812,2022-05-02T00:00:00
2022-05-03T00:00:00,19.98699951171875,19.98699951171875,2022-05-03T00:00:00
2022-05-04T00:00:00,20.400999069213867,20.400999069213867,2022-05-04T00:00:00
2022-05-05T00:00:00,18.832000732421875,18.832000732421875,2022-05-05T00:00:00
2022-05-06T00:00:00,18.097000122070312,18.097000122070312,2022-05-06T00:00:00
2022-05-09T00:00:00,17.309999465942383,17.309999465942383,2022-05-09T00:00:00
2022-05-10T00:00:00,17.766000747680664,17.766000747680664,2022-05-10T00:00:00
2022-05-11T00:00:00,16.636999130249023,16.636999130249023,2022-05-11T00:00:00
2022-05-12T00:00:00,17.430999755859375,17.430999755859375,2022-05-12T00:00:00
2022-05-13T00:00:00,18.763999938964844,18.763999938964844,2022-05-13T00:00:00
2022-05-16T00:00:00,18.650999069213867,18.650999069213867,2022-05-16T00:00:00
2022-05-17T00:00:00,19.055999755859375,19.055999755859375,2022-05-17T00:00:00
2022-05-18T00:00:00,17.7189998626709,17.7189998626709,2022-05-18T00:00:00
2022-05-19T00:00:00,18.347999572753906,18.347999572753906,2022-05-19T00:00:00
2022-05-20T00:00:00,18.635000228881836,18.635000228881836,2022-05-20T00:00:00
2022-05-23T00:00:00,18.743999481201172,18.743999481201172,2022-05-23T00:00:00
2022-05-24T00:00:00,18.034000396728516,18.034000396728516,2022-05-24T00:00:00
2022-05-25T00:00:00,18.783000946044922,18.783000946044922,2022-05-25T00:00:00
2022-05-26T00:00:00,19.139999389648438,19.139999389648438,2022-05-26T00:00:00
2022-05-27T00:00:00,19.518999099731445,19.518999099731445,2022-05-27T00:00:00
2022-05-31T00:00:00,19.743999481201172,19.743999481201172,2022-05-31T00:00:00
2022-06-01T00:00:00,19.291000366210938,19.291000366210938,2022-06-01T00:00:00
2022-06-02T00:00:00,20.509000778198242,20.509000778198242,2022-06-02T00:00:00
2022-06-03T00:00:00,19.898000717163086,19.898000717163086,2022-06-03T00:00:00
2022-06-06T00:00:00,19.714000701904297,19.714000701904297,2022-06-06T00:00:00
2022-06-07T00:00:00,19.861000061035156,19.861000061035156,2022-06-07T00:00:00
2022-06-08T00:00:00,20.283000946044922,20.283000946044922,2022-06-08T00:00:00
2022-06-09T00:00:00,19.277000427246094,19.277000427246094,2022-06-09T00:00:00
2022-06-10T00:00:00,18.29400062561035,18.29400062561035,2022-06-10T00:00:00
2022-06-13T00:00:00,16.9689998626709,16.9689998626709,2022-06-13T00:00:00
2022-06-14T00:00:00,16.753999710083008,16.753999710083008,2022-06-14T00:00:00
2022-06-15T00:00:00,18.01099967956543,18.01099967956543,2022-06-15T00:00:00
2022-06-16T00:00:00,17.334999084472656,17.334999084472656,2022-06-16T00:00:00
2022-06-17T00:00:00,17.551000595092773,17.551000595092773,2022-06-17T00:00:00
2022-06-21T00:00:00,17.090999603271484,17.090999603271484,2022-06-21T00:00:00
2022-06-22T00:00:00,17.888999938964844,17.888999938964844,2022-06-22T00:00:00
2022-06-23T00:00:00,18.17099952697754,18.17099952697754,2022-06-23T00:00:00
2022-06-24T00:00:00,19.084999084472656,19.084999084472656,2022-06-24T00:00:00
2022-06-27T00:00:00,18.913999557495117,18.913999557495117,2022-06-27T00:00:00
2022-06-28T00:00:00,17.959999084472656,17.959999084472656,2022-06-28T00:00:00
2022-06-29T00:00:00,17.836000442504883,17.836000442504883,2022-06-29T00:00:00
2022-06-30T00:00:00,17.48699951171875,17.48699951171875,2022-06-30T00:00:00
2022-07-01T00:00:00,17.9950008392334,17.9950008392334,2022-07-01T00:00:00
2022-07-05T00:00:00,18.58799934387207,18.58799934387207,2022-07-05T00:00:00
2022-07-06T00:00:00,18.4060001373291,18.4060001373291,2022-07-06T00:00:00
2022-07-07T00:00:00,18.927000045776367,18.927000045776367,2022-07-07T00:00:00
2022-07-08T00:00:00,18.697999954223633,18.697999954223633,2022-07-08T00:00:00
2022-07-11T00:00:00,17.733999252319336,17.733999252319336,2022-07-11T00:00:00
2022-07-12T00:00:00,17.44499969482422,17.44499969482422,2022-07-12T00:00:00
2022-07-13T00:00:00,17.6560001373291,17.6560001373291,2022-07-13T00:00:00
2022-07-14T00:00:00,17.47800064086914,17.47800064086914,2022-07-14T00:00:00
2022-07-15T00:00:00,18.910999298095703,18.910999298095703,2022-07-15T00:00:00
2022-07-18T00:00:00,19.091999053955078,19.091999053955078,2022-07-18T00:00:00
2022-07-19T00:00:00,20.163000106811523,20.163000106811523,2022-07-19T00:00:00
2022-07-20T00:00:00,21.643999099731445,21.643999099731445,2022-07-20T00:00:00
2022-07-21T00:00:00,22.38800048828125,22.38800048828125,2022-07-21T00:00:00
2022-07-22T00:00:00,22.04400062561035,22.04400062561035,2022-07-22T00:00:00
2022-07-25T00:00:00,21.85099983215332,21.85099983215332,2022-07-25T00:00:00
2022-07-26T00:00:00,21.391000747680664,21.391000747680664,2022-07-26T00:00:00
2022-07-27T00:00:00,22.674999237060547,22.674999237060547,2022-07-27T00:00:00
2022-07-28T00:00:00,22.601999282836914,22.601999282836914,2022-07-28T00:00:00
2022-07-29T00:00:00,22.489999771118164,22.489999771118164,2022-07-29T00:00:00
2022-08-01T00:00:00,22.621000289916992,22.621000289916992,2022-08-01T00:00:00
2022-08-02T00:00:00,22.142000198364258,22.142000198364258,2022-08-02T00:00:00
2022-08-03T00:00:00,22.67300033569336,22.67300033569336,2022-08-03T00:00:00
2022-08-04T00:00:00,22.990999221801758,22.990999221801758,2022-08-04T00:00:00
2022-08-05T00:00:00,22.67799949645996,22.67799949645996,2022-08-05T00:00:00
2022-08-08T00:00:00,23.349000930786133,23.349000930786133,2022-08-08T00:00:00
2022-08-09T00:00:00,22.993999481201172,22.993999481201172,2022-08-09T00:00:00
2022-08-10T00:00:00,24.410999298095703,24.410999298095703,2022-08-10T00:00:00
2022-08-11T00:00:00,24.270000457763672,24.270000457763672,2022-08-11T00:00:00
2022-08-12T00:00:00,24.93000030517578,24.93000030517578,2022-08-12T00:00:00
2022-08-15T00:00:00,24.910999298095703,24.910999298095703,2022-08-15T00:00:00
2022-08-16T00:00:00,24.569000244140625,24.569000244140625,2022-08-16T00:00:00
2022-08-17T00:00:00,24.114999771118164,24.114999771118164,2022-08-17T00:00:00
2022-08-18T00:00:00,24.517000198364258,24.517000198364258,2022-08-18T00:00:00
2022-08-19T00:00:00,24.115999221801758,24.115999221801758,2022-08-19T00:00:00
2022-08-22T00:00:00,22.65399932861328,22.65399932861328,2022-08-22T00:00:00
2022-08-23T00:00:00,22.454999923706055,22.454999923706055,2022-08-23T00:00:00
2022-08-24T00:00:00,22.961000442504883,22.961000442504883,2022-08-24T00:00:00
2022-08-25T00:00:00,23.398000717163086,23.398000717163086,2022-08-25T00:00:00
2022-08-26T00:00:00,22.327999114990234,22.327999114990234,2022-08-26T00:00:00
2022-08-29T00:00:00,22.457000732421875,22.457000732421875,2022-08-29T00:00:00
2022-08-30T00:00:00,22.065000534057617,22.065000534057617,2022-08-30T00:00:00
2022-08-31T00:00:00,22.356000900268555,22.356000900268555,2022-08-31T00:00:00
2022-09-01T00:00:00,23.003999710083008,23.003999710083008,2022-09-01T00:00:00
2022-09-02T00:00:00,22.611000061035156,22.611000061035156,2022-09-02T00:00:00
2022-09-06T00:00:00,21.839000701904297,21.839000701904297,2022-09-06T00:00:00
2022-09-07T00:00:00,22.895999908447266,22.895999908447266,2022-09-07T00:00:00
2022-09-08T00:00:00,22.743999481201172,22.743999481201172,2022-09-08T00:00:00
2022-09-09T00:00:00,23.35700035095215,23.35700035095215,2022-09-09T00:00:00
2022-09-12T00:00:00,23.652999877929688,23.652999877929688,2022-09-12T00:00:00
2022-09-13T00:00:00,21.812999725341797,21.812999725341797,2022-09-13T00:00:00
2022-09-14T00:00:00,22.41200065612793,22.41200065612793,2022-09-14T00:00:00
2022-09-15T00:00:00,23.538000106811523,23.538000106811523,2022-09-15T00:00:00
2022-09-16T00:00:00,24.01300048828125,24.01300048828125,2022-09-16T00:00:00
2022-09-19T00:00:00,24.363000869750977,24.363000869750977,2022-09-19T00:00:00
2022-09-20T00:00:00,24.28499984741211,24.28499984741211,2022-09-20T00:00:00
2022-09-21T00:00:00,23.687000274658203,23.687000274658203,2022-09-21T00:00:00
2022-09-22T00:00:00,23.704999923706055,23.704999923706055,2022-09-22T00:00:00
2022-09-23T00:00:00,22.641000747680664,22.641000747680664,2022-09-23T00:00:00
2022-09-26T00:00:00,22.406999588012695,22.406999588012695,2022-09-26T00:00:00
2022-09-27T00:00:00,22.43600082397461,22.43600082397461,2022-09-27T00:00:00
2022-09-28T00:00:00,24.520000457763672,24.520000457763672,2022-09-28T00:00:00
2022-09-29T00:00:00,23.97100067138672,23.97100067138672,2022-09-29T00:00:00
2022-09-30T00:00:00,23.54400062561035,23.54400062561035,2022-09-30T00:00:00
2022-10-03T00:00:00,23.90399932861328,23.90399932861328,2022-10-03T00:00:00
2022-10-04T00:00:00,24.073999404907227,24.073999404907227,2022-10-04T00:00:00
2022-10-05T00:00:00,23.67300033569336,23.67300033569336,2022-10-05T00:00:00
2022-10-06T00:00:00,24.00200080871582,24.00200080871582,2022-10-06T00:00:00
2022-10-07T00:00:00,22.475000381469727,22.475000381469727,2022-10-07T00:00:00
2022-10-10T00:00:00,22.99799919128418,22.99799919128418,2022-10-10T00:00:00
2022-10-11T00:00:00,21.429000854492188,21.429000854492188,2022-10-11T00:00:00
2022-10-12T00:00:00,22.086999893188477,22.086999893188477,2022-10-12T00:00:00
2022-10-13T00:00:00,23.250999450683594,23.250999450683594,2022-10-13T00:00:00
2022-10-14T00:00:00,23.0,23.0,2022-10-14T00:00:00
2022-10-17T00:00:00,24.510000228881836,24.510000228881836,2022-10-17T00:00:00
2022-10-18T00:00:00,24.086000442504883,24.086000442504883,2022-10-18T00:00:00
2022-10-19T00:00:00,27.238000869750977,27.238000869750977,2022-10-19T00:00:00
2022-10-20T00:00:00,26.81599998474121,26.81599998474121,2022-10-20T00:00:00
2022-10-21T00:00:00,28.957000732421875,28.957000732421875,2022-10-21T00:00:00
2022-10-24T00:00:00,28.2450008392334,28.2450008392334,2022-10-24T00:00:00
2022-10-25T00:00:00,29.101999282836914,29.101999282836914,2022-10-25T00:00:00
2022-10-26T00:00:00,29.86199951171875,29.86199951171875,2022-10-26T00:00:00
2022-10-27T00:00:00,29.694000244140625,29.694000244140625,2022-10-27T00:00:00
2022-10-28T00:00:00,29.57200050354004,29.57200050354004,2022-10-28T00:00:00
2022-10-31T00:00:00,29.187999725341797,29.187999725341797,2022-10-31T00:00:00
2022-11-01T00:00:00,28.674999237060547,28.674999237060547,2022-11-01T00:00:00
2022-11-02T00:00:00,27.299999237060547,27.299999237060547,2022-11-02T00:00:00
2022-11-03T00:00:00,26.9060001373291,26.9060001373291,2022-11-03T00:00:00
2022-11-04T00:00:00,26.07900047302246,26.07900047302246,2022-11-04T00:00:00
2022-11-07T00:00:00,25.860000610351562,25.860000610351562,2022-11-07T00:00:00
2022-11-08T00:00:00,26.34600067138672,26.34600067138672,2022-11-08T00:00:00
2022-11-09T00:00:00,25.465999603271484,25.465999603271484,2022-11-09T00:00:00
2022-11-10T00:00:00,27.496999740600586,27.496999740600586,2022-11-10T00:00:00
2022-11-11T00:00:00,29.01300048828125,29.01300048828125,2022-11-11T00:00:00
2022-11-14T00:00:00,29.927000045776367,29.927000045776367,2022-11-14T00:00:00
2022-11-15T00:00:00,31.020000457763672,31.020000457763672,2022-11-15T00:00:00
2022-11-16T00:00:00,30.601999282836914,30.601999282836914,2022-11-16T00:00:00
2022-11-17T00:00:00,29.527999877929688,29.527999877929688,2022-11-17T00:00:00
2022-11-18T00:00:00,28.79800033569336,28.79800033569336,2022-11-18T00:00:00
2022-11-21T00:00:00,28.5049991607666,28.5049991607666,2022-11-21T00:00:00
2022-11-22T00:00:00,28.66900062561035,28.66900062561035,2022-11-22T00:00:00
2022-11-23T00:00:00,29.149999618530273,29.149999618530273,2022-11-23T00:00:00
2022-11-25T00:00:00,28.554000854492188,28.554000854492188,2022-11-25T00:00:00
2022-11-28T00:00:00,28.117000579833984,28.117000579833984,2022-11-28T00:00:00
2022-11-29T00:00:00,28.09600067138672,28.09600067138672,2022-11-29T00:00:00
2022-11-30T00:00:00,30.55299949645996,30.55299949645996,2022-11-30T00:00:00
2022-12-01T00:00:00,31.69499969482422,31.69499969482422,2022-12-01T00:00:00
2022-12-02T00:00:00,32.04100036621094,32.04100036621094,2022-12-02T00:00:00
2022-12-05T00:00:00,31.259000778198242,31.259000778198242,2022-12-05T00:00:00
2022-12-06T00:00:00,30.555999755859375,30.555999755859375,2022-12-06T00:00:00
2022-12-07T00:00:00,30.841999053955078,30.841999053955078,2022-12-07T00:00:00
2022-12-08T00:00:00,31.025999069213867,31.025999069213867,2022-12-08T00:00:00
2022-12-09T00:00:00,32.000999450683594,32.000999450683594,2022-12-09T00:00:00
2022-12-12T00:00:00,31.51799964904785,31.51799964904785,2022-12-12T00:00:00
2022-12-13T00:00:00,32.034000396728516,32.034000396728516,2022-12-13T00:00:00
2022-12-14T00:00:00,31.783000946044922,31.783000946044922,2022-12-14T00:00:00
2022-12-15T00:00:00,29.041000366210938,29.041000366210938,2022-12-15T00:00:00
2022-12-16T00:00:00,29.070999145507812,29.070999145507812,2022-12-16T00:00:00
2022-12-19T00:00:00,28.829999923706055,28.829999923706055,2022-12-19T00:00:00
2022-12-20T00:00:00,28.819000244140625,28.819000244140625,2022-12-20T00:00:00
2022-12-21T00:00:00,29.79599952697754,29.79599952697754,2022-12-21T00:00:00
2022-12-22T00:00:00,29.774999618530273,29.774999618530273,2022-12-22T00:00:00
2022-12-23T00:00:00,29.496000289916992,29.496000289916992,2022-12-23T00:00:00
2022-12-27T00:00:00,28.41699981689453,28.41699981689453,2022-12-27T00:00:00
2022-12-28T00:00:00,27.687999725341797,27.687999725341797,2022-12-28T00:00:00
2022-12-29T00:00:00,29.11199951171875,29.11199951171875,2022-12-29T00:00:00
2022-12-30T00:00:00,29.488000869750977,29.488000869750977,2022-12-30T00:00:00
2023-01-03T00:00:00,29.4950008392334,29.4950008392334,2023-01-03T00:00:00
2023-01-04T00:00:00,30.94099998474121,30.94099998474121,2023-01-04T00:00:00
2023-01-05T00:00:00,30.969999313354492,30.969999313354492,2023-01-05T00:00:00
2023-01-06T00:00:00,31.55500030517578,31.55500030517578,2023-01-06T00:00:00
2023-01-09T00:00:00,31.517000198364258,31.517000198364258,2023-01-09T00:00:00
2023-01-10T00:00:00,32.75400161743164,32.75400161743164,2023-01-10T00:00:00
2023-01-11T00:00:00,32.72600173950195,32.72600173950195,2023-01-11T00:00:00
2023-01-12T00:00:00,33.01300048828125,33.01300048828125,2023-01-12T00:00:00
2023-01-13T00:00:00,33.28200149536133,33.28200149536133,2023-01-13T00:00:00
2023-01-17T00:00:00,32.62200164794922,32.62200164794922,2023-01-17T00:00:00
2023-01-18T00:00:00,32.632999420166016,32.632999420166016,2023-01-18T00:00:00
2023-01-19T00:00:00,31.577999114990234,31.577999114990234,2023-01-19T00:00:00
2023-01-20T00:00:00,34.25,34.25,2023-01-20T00:00:00
2023-01-23T00:00:00,35.742000579833984,35.742000579833984,2023-01-23T00:00:00
2023-01-24T00:00:00,36.382999420166016,36.382999420166016,2023-01-24T00:00:00
2023-01-25T00:00:00,36.79600143432617,36.79600143432617,2023-01-25T00:00:00
2023-01-26T00:00:00,36.48699951171875,36.48699951171875,2023-01-26T00:00:00
2023-01-27T00:00:00,36.07699966430664,36.07699966430664,2023-01-27T00:00:00
2023-01-30T00:00:00,35.31100082397461,35.31100082397461,2023-01-30T00:00:00
2023-01-31T00:00:00,35.38600158691406,35.38600158691406,2023-01-31T00:00:00
2023-02-01T00:00:00,36.19900131225586,36.19900131225586,2023-02-01T00:00:00
2023-02-02T00:00:00,36.68899917602539,36.68899917602539,2023-02-02T00:00:00
2023-02-03T00:00:00,36.59000015258789,36.59000015258789,2023-02-03T00:00:00
2023-02-06T00:00:00,36.14799880981445,36.14799880981445,2023-02-06T00:00:00
2023-02-07T00:00:00,36.29499816894531,36.29499816894531,2023-02-07T00:00:00
2023-02-08T00:00:00,36.68299865722656,36.68299865722656,2023-02-08T00:00:00
2023-02-09T00:00:00,36.25,36.25,2023-02-09T00:00:00
2023-02-10T00:00:00,34.736000061035156,34.736000061035156,2023-02-10T00:00:00
2023-02-13T00:00:00,35.856998443603516,35.856998443603516,2023-02-13T00:00:00
2023-02-14T00:00:00,35.99599838256836,35.99599838256836,2023-02-14T00:00:00
2023-02-15T00:00:00,36.141998291015625,36.141998291015625,2023-02-15T00:00:00
2023-02-16T00:00:00,35.07099914550781,35.07099914550781,2023-02-16T00:00:00
2023-02-17T00:00:00,34.79600143432617,34.79600143432617,2023-02-17T00:00:00
2023-02-21T00:00:00,33.75,33.75,2023-02-21T00:00:00
2023-02-22T00:00:00,33.487998962402344,33.487998962402344,2023-02-22T00:00:00
2023-02-23T00:00:00,32.3650016784668,32.3650016784668,2023-02-23T00:00:00
2023-02-24T00:00:00,31.71500015258789,31.71500015258789,2023-02-24T00:00:00
2023-02-27T00:00:00,32.303001403808594,32.303001403808594,2023-02-27T00:00:00
2023-02-28T00:00:00,32.2130012512207,32.2130012512207,2023-02-28T00:00:00
2023-03-01T00:00:00,31.347999572753906,31.347999572753906,2023-03-01T00:00:00
2023-03-02T00:00:00,31.187999725341797,31.187999725341797,2023-03-02T00:00:00
2023-03-03T00:00:00,31.51799964904785,31.51799964904785,2023-03-03T00:00:00
2023-03-06T00:00:00,31.202999114990234,31.202999114990234,2023-03-06T00:00:00
2023-03-07T00:00:00,30.847000122070312,30.847000122070312,2023-03-07T00:00:00
2023-03-08T00:00:00,31.179000854492188,31.179000854492188,2023-03-08T00:00:00
2023-03-09T00:00:00,29.777999877929688,29.777999877929688,2023-03-09T00:00:00
2023-03-10T00:00:00,29.275999069213867,29.275999069213867,2023-03-10T00:00:00
2023-03-13T00:00:00,29.35099983215332,29.35099983215332,2023-03-13T00:00:00
2023-03-14T00:00:00,29.493999481201172,29.493999481201172,2023-03-14T00:00:00
2023-03-15T00:00:00,30.378999710083008,30.378999710083008,2023-03-15T00:00:00
2023-03-16T00:00:00,31.006000518798828,31.006000518798828,2023-03-16T00:00:00
2023-03-17T00:00:00,30.350000381469727,30.350000381469727,2023-03-17T00:00:00
2023-03-20T00:00:00,30.51300048828125,30.51300048828125,2023-03-20T00:00:00
2023-03-21T00:00:00,30.57900047302246,30.57900047302246,2023-03-21T00:00:00
2023-03-22T00:00:00,29.389999389648438,29.389999389648438,2023-03-22T00:00:00
2023-03-23T00:00:00,32.0369987487793,32.0369987487793,2023-03-23T00:00:00
2023-03-24T00:00:00,32.8390007019043,32.8390007019043,2023-03-24T00:00:00
2023-03-27T00:00:00,32.76599884033203,32.76599884033203,2023-03-27T00:00:00
2023-03-28T00:00:00,32.35200119018555,32.35200119018555,2023-03-28T00:00:00
2023-03-29T00:00:00,33.202999114990234,33.202999114990234,2023-03-29T00:00:00
2023-03-30T00:00:00,33.84299850463867,33.84299850463867,2023-03-30T00:00:00
2023-03-31T00:00:00,34.54800033569336,34.54800033569336,2023-03-31T00:00:00
2023-04-03T00:00:00,34.827999114990234,34.827999114990234,2023-04-03T00:00:00
2023-04-04T00:00:00,34.67499923706055,34.67499923706055,2023-04-04T00:00:00
2023-04-05T00:00:00,34.23500061035156,34.23500061035156,2023-04-05T00:00:00
2023-04-06T00:00:00,33.93299865722656,33.93299865722656,2023-04-06T00:00:00
2023-04-10T00:00:00,33.89899826049805,33.89899826049805,2023-04-10T00:00:00
2023-04-11T00:00:00,33.82099914550781,33.82099914550781,2023-04-11T00:00:00
2023-04-12T00:00:00,33.10300064086914,33.10300064086914,2023-04-12T00:00:00
2023-04-13T00:00:00,34.61899948120117,34.61899948120117,2023-04-13T00:00:00
2023-04-14T00:00:00,33.862998962402344,33.862998962402344,2023-04-14T00:00:00
2023-04-17T00:00:00,33.27199935913086,33.27199935913086,2023-04-17T00:00:00
2023-04-18T00:00:00,33.369998931884766,33.369998931884766,2023-04-18T00:00:00
2023-04-19T00:00:00,32.3120002746582,32.3120002746582,2023-04-19T00:00:00
2023-04-20T00:00:00,32.53499984741211,32.53499984741211,2023-04-20T00:00:00
2023-04-21T00:00:00,32.79800033569336,32.79800033569336,2023-04-21T00:00:00
2023-04-24T00:00:00,32.902000427246094,32.902000427246094,2023-04-24T00:00:00
2023-04-25T00:00:00,32.255001068115234,32.255001068115234,2023-04-25T00:00:00
2023-04-26T00:00:00,32.1150016784668,32.1150016784668,2023-04-26T00:00:00
2023-04-27T00:00:00,32.584999084472656,32.584999084472656,2023-04-27T00:00:00
2023-04-28T00:00:00,32.99300003051758,32.99300003051758,2023-04-28T00:00:00
2023-05-01T00:00:00,32.4119987487793,32.4119987487793,2023-05-01T00:00:00
2023-05-02T00:00:00,31.7549991607666,31.7549991607666,2023-05-02T00:00:00
2023-05-03T00:00:00,31.93000030517578,31.93000030517578,2023-05-03T00:00:00
2023-05-04T00:00:00,32.077999114990234,32.077999114990234,2023-05-04T00:00:00
2023-05-05T00:00:00,32.2760009765625,32.2760009765625,2023-05-05T00:00:00
2023-05-08T00:00:00,33.12099838256836,33.12099838256836,2023-05-08T00:00:00
2023-05-09T00:00:00,33.2140007019043,33.2140007019043,2023-05-09T00:00:00
2023-05-10T00:00:00,33.54199981689453,33.54199981689453,2023-05-10T00:00:00
2023-05-11T00:00:00,34.47600173950195,34.47600173950195,2023-05-11T00:00:00
2023-05-12T00:00:00,33.98899841308594,33.98899841308594,2023-05-12T00:00:00
2023-05-15T00:00:00,33.5890007019043,33.5890007019043,2023-05-15T00:00:00
2023-05-16T00:00:00,33.375,33.375,2023-05-16T00:00:00
2023-05-17T00:00:00,33.99599838256836,33.99599838256836,2023-05-17T00:00:00
2023-05-18T00:00:00,37.12900161743164,37.12900161743164,2023-05-18T00:00:00
2023-05-19T00:00:00,36.5359992980957,36.5359992980957,2023-05-19T00:00:00
2023-05-22T00:00:00,36.30099868774414,36.30099868774414,2023-05-22T00:00:00
2023-05-23T00:00:00,35.5989990234375,35.5989990234375,2023-05-23T00:00:00
2023-05-24T00:00:00,36.48500061035156,36.48500061035156,2023-05-24T00:00:00
2023-05-25T00:00:00,35.900001525878906,35.900001525878906,2023-05-25T00:00:00
2023-05-26T00:00:00,37.88800048828125,37.88800048828125,2023-05-26T00:00:00
2023-05-30T00:00:00,39.29800033569336,39.29800033569336,2023-05-30T00:00:00
2023-05-31T00:00:00,39.52299880981445,39.52299880981445,2023-05-31T00:00:00
2023-06-01T00:00:00,40.3129997253418,40.3129997253418,2023-06-01T00:00:00
2023-06-02T00:00:00,40.047000885009766,40.047000885009766,2023-06-02T00:00:00
2023-06-05T00:00:00,40.354000091552734,40.354000091552734,2023-06-05T00:00:00
2023-06-06T00:00:00,39.92900085449219,39.92900085449219,2023-06-06T00:00:00
2023-06-07T00:00:00,39.97700119018555,39.97700119018555,2023-06-07T00:00:00
2023-06-08T00:00:00,40.9370002746582,40.9370002746582,2023-06-08T00:00:00
2023-06-09T00:00:00,42.00199890136719,42.00199890136719,2023-06-09T00:00:00
2023-06-12T00:00:00,42.39699935913086,42.39699935913086,2023-06-12T00:00:00
2023-06-13T00:00:00,43.573001861572266,43.573001861572266,2023-06-13T00:00:00
2023-06-14T00:00:00,44.08599853515625,44.08599853515625,2023-06-14T00:00:00
2023-06-15T00:00:00,44.527000427246094,44.527000427246094,2023-06-15T00:00:00
2023-06-16T00:00:00,43.19599914550781,43.19599914550781,2023-06-16T00:00:00
2023-06-20T00:00:00,43.470001220703125,43.470001220703125,2023-06-20T00:00:00
2023-06-21T00:00:00,42.44499969482422,42.44499969482422,2023-06-21T00:00:00
2023-06-22T00:00:00,42.24800109863281,42.24800109863281,2023-06-22T00:00:00
2023-06-23T00:00:00,42.402000427246094,42.402000427246094,2023-06-23T00:00:00
2023-06-26T00:00:00,41.59400177001953,41.59400177001953,2023-06-26T00:00:00
2023-06-27T00:00:00,41.70800018310547,41.70800018310547,2023-06-27T00:00:00
2023-06-28T00:00:00,42.98400115966797,42.98400115966797,2023-06-28T00:00:00
2023-06-29T00:00:00,42.82400131225586,42.82400131225586,2023-06-29T00:00:00
2023-06-30T00:00:00,44.04899978637695,44.04899978637695,2023-06-30T00:00:00
2023-07-03T00:00:00,44.14400100708008,44.14400100708008,2023-07-03T00:00:00
2023-07-05T00:00:00,44.59000015258789,44.59000015258789,2023-07-05T00:00:00
2023-07-06T00:00:00,43.88399887084961,43.88399887084961,2023-07-06T00:00:00
2023-07-07T00:00:00,43.810001373291016,43.810001373291016,2023-07-07T00:00:00
2023-07-10T00:00:00,44.17100143432617,44.17100143432617,2023-07-10T00:00:00
2023-07-11T00:00:00,44.020999908447266,44.020999908447266,2023-07-11T00:00:00
2023-07-12T00:00:00,44.404998779296875,44.404998779296875,2023-07-12T00:00:00
2023-07-13T00:00:00,45.03799819946289,45.03799819946289,2023-07-13T00:00:00
2023-07-14T00:00:00,44.191001892089844,44.191001892089844,2023-07-14T00:00:00
2023-07-17T00:00:00,45.005001068115234,45.005001068115234,2023-07-17T00:00:00
2023-07-18T00:00:00,47.47999954223633,47.47999954223633,2023-07-18T00:00:00
2023-07-19T00:00:00,47.75899887084961,47.75899887084961,2023-07-19T00:00:00
2023-07-20T00:00:00,43.742000579833984,43.742000579833984,2023-07-20T00:00:00
2023-07-21T00:00:00,42.75,42.75,2023-07-21T00:00:00
2023-07-24T00:00:00,42.83700180053711,42.83700180053711,2023-07-24T00:00:00
2023-07-25T00:00:00,42.77000045776367,42.77000045776367,2023-07-25T00:00:00
2023-07-26T00:00:00,42.266998291015625,42.266998291015625,2023-07-26T00:00:00
2023-07-27T00:00:00,41.31700134277344,41.31700134277344,2023-07-27T00:00:00
2023-07-28T00:00:00,42.577999114990234,42.577999114990234,2023-07-28T00:00:00
2023-07-31T00:00:00,43.89699935913086,43.89699935913086,2023-07-31T00:00:00
2023-08-01T00:00:00,43.86199951171875,43.86199951171875,2023-08-01T00:00:00
2023-08-02T00:00:00,42.970001220703125,42.970001220703125,2023-08-02T00:00:00
2023-08-03T00:00:00,43.099998474121094,43.099998474121094,2023-08-03T00:00:00
2023-08-04T00:00:00,43.15999984741211,43.15999984741211,2023-08-04T00:00:00
2023-08-07T00:00:00,44.07600021362305,44.07600021362305,2023-08-07T00:00:00
2023-08-08T00:00:00,43.83000183105469,43.83000183105469,2023-08-08T00:00:00
2023-08-09T00:00:00,42.88999938964844,42.88999938964844,2023-08-09T00:00:00
2023-08-10T00:00:00,42.99800109863281,42.99800109863281,2023-08-10T00:00:00
2023-08-11T00:00:00,42.16600036621094,42.16600036621094,2023-08-11T00:00:00
2023-08-14T00:00:00,42.77799987792969,42.77799987792969,2023-08-14T00:00:00
2023-08-15T00:00:00,42.369998931884766,42.369998931884766,2023-08-15T00:00:00
2023-08-16T00:00:00,41.54499816894531,41.54499816894531,2023-08-16T00:00:00
2023-08-17T00:00:00,40.29999923706055,40.29999923706055,2023-08-17T00:00:00
2023-08-18T00:00:00,40.452999114990234,40.452999114990234,2023-08-18T00:00:00
2023-08-21T00:00:00,40.82899856567383,40.82899856567383,2023-08-21T00:00:00
2023-08-22T00:00:00,41.31700134277344,41.31700134277344,2023-08-22T00:00:00
2023-08-23T00:00:00,42.755001068115234,42.755001068115234,2023-08-23T00:00:00
2023-08-24T00:00:00,40.69300079345703,40.69300079345703,2023-08-24T00:00:00
2023-08-25T00:00:00,41.60300064086914,41.60300064086914,2023-08-25T00:00:00
2023-08-28T00:00:00,41.805999755859375,41.805999755859375,2023-08-28T00:00:00
2023-08-29T00:00:00,42.999000549316406,42.999000549316406,2023-08-29T00:00:00
2023-08-30T00:00:00,43.46699905395508,43.46699905395508,2023-08-30T00:00:00
2023-08-31T00:00:00,43.36800003051758,43.36800003051758,2023-08-31T00:00:00
2023-09-01T00:00:00,43.987998962402344,43.987998962402344,2023-09-01T00:00:00
2023-09-05T00:00:00,44.86800003051758,44.86800003051758,2023-09-05T00:00:00
2023-09-06T00:00:00,44.57600021362305,44.57600021362305,2023-09-06T00:00:00
2023-09-07T00:00:00,44.31399917602539,44.31399917602539,2023-09-07T00:00:00
2023-09-08T00:00:00,44.279998779296875,44.279998779296875,2023-09-08T00:00:00
2023-09-11T00:00:00,44.5359992980957,44.5359992980957,2023-09-11T00:00:00
2023-09-12T00:00:00,43.46900177001953,43.46900177001953,2023-09-12T00:00:00
2023-09-13T00:00:00,41.2239990234375,41.2239990234375,2023-09-13T00:00:00
2023-09-14T00:00:00,40.04899978637695,40.04899978637695,2023-09-14T00:00:00
2023-09-15T00:00:00,39.694000244140625,39.694000244140625,2023-09-15T00:00:00
2023-09-18T00:00:00,39.439998626708984,39.439998626708984,2023-09-18T00:00:00
2023-09-19T00:00:00,39.619998931884766,39.619998931884766,2023-09-19T00:00:00
2023-09-20T00:00:00,38.630001068115234,38.630001068115234,2023-09-20T00:00:00
2023-09-21T00:00:00,38.415000915527344,38.415000915527344,2023-09-21T00:00:00
2023-09-22T00:00:00,37.98099899291992,37.98099899291992,2023-09-22T00:00:00
2023-09-25T00:00:00,38.47999954223633,38.47999954223633,2023-09-25T00:00:00
2023-09-26T00:00:00,37.92499923706055,37.92499923706055,2023-09-26T00:00:00
2023-09-27T00:00:00,37.75899887084961,37.75899887084961,2023-09-27T00:00:00
2023-09-28T00:00:00,37.63600158691406,37.63600158691406,2023-09-28T00:00:00
2023-09-29T00:00:00,37.7599983215332,37.7599983215332,2023-09-29T00:00:00
2023-10-02T00:00:00,38.03300094604492,38.03300094604492,2023-10-02T00:00:00
2023-10-03T00:00:00,37.67499923706055,37.67499923706055,2023-10-03T00:00:00
2023-10-04T00:00:00,37.689998626708984,37.689998626708984,2023-10-04T00:00:00
2023-10-05T00:00:00,37.25899887084961,37.25899887084961,2023-10-05T00:00:00
2023-10-06T00:00:00,38.1510009765625,38.1510009765625,2023-10-06T00:00:00
2023-10-09T00:00:00,38.595001220703125,38.595001220703125,2023-10-09T00:00:00
2023-10-10T00:00:00,37.332000732421875,37.332000732421875,2023-10-10T00:00:00
2023-10-11T00:00:00,36.59299850463867,36.59299850463867,2023-10-11T00:00:00
2023-10-12T00:00:00,36.119998931884766,36.119998931884766,2023-10-12T00:00:00
2023-10-13T00:00:00,35.56800079345703,35.56800079345703,2023-10-13T00:00:00
2023-10-16T00:00:00,36.082000732421875,36.082000732421875,2023-10-16T00:00:00
2023-10-17T00:00:00,35.571998596191406,35.571998596191406,2023-10-17T00:00:00
2023-10-18T00:00:00,34.61899948120117,34.61899948120117,2023-10-18T00:00:00
2023-10-19T00:00:00,40.176998138427734,40.176998138427734,2023-10-19T00:00:00
2023-10-20T00:00:00,40.09600067138672,40.09600067138672,2023-10-20T00:00:00
2023-10-23T00:00:00,40.683998107910156,40.683998107910156,2023-10-23T00:00:00
2023-10-24T00:00:00,41.37300109863281,41.37300109863281,2023-10-24T00:00:00
2023-10-25T00:00:00,41.125,41.125,2023-10-25T00:00:00
2023-10-26T00:00:00,40.354000091552734,40.354000091552734,2023-10-26T00:00:00
2023-10-27T00:00:00,39.7869987487793,39.7869987487793,2023-10-27T00:00:00
2023-10-30T00:00:00,41.007999420166016,41.007999420166016,2023-10-30T00:00:00
2023-10-31T00:00:00,41.16899871826172,41.16899871826172,2023-10-31T00:00:00
2023-11-01T00:00:00,42.01900100708008,42.01900100708008,2023-11-01T00:00:00
2023-11-02T00:00:00,42.47100067138672,42.47100067138672,2023-11-02T00:00:00
2023-11-03T00:00:00,43.236000061035156,43.236000061035156,2023-11-03T00:00:00
2023-11-06T00:00:00,43.4739990234375,43.4739990234375,2023-11-06T00:00:00
2023-11-07T00:00:00,43.46099853515625,43.46099853515625,2023-11-07T00:00:00
2023-11-08T00:00:00,43.665000915527344,43.665000915527344,2023-11-08T00:00:00
2023-11-09T00:00:00,43.51499938964844,43.51499938964844,2023-11-09T00:00:00
2023-11-10T00:00:00,44.7239990234375,44.7239990234375,2023-11-10T00:00:00
2023-11-13T00:00:00,44.46200180053711,44.46200180053711,2023-11-13T00:00:00
2023-11-14T00:00:00,44.8650016784668,44.8650016784668,2023-11-14T00:00:00
2023-11-15T00:00:00,46.194000244140625,46.194000244140625,2023-11-15T00:00:00
2023-11-16T00:00:00,46.69499969482422,46.69499969482422,2023-11-16T00:00:00
2023-11-17T00:00:00,46.590999603271484,46.590999603271484,2023-11-17T00:00:00
2023-11-20T00:00:00,47.446998596191406,47.446998596191406,2023-11-20T00:00:00
2023-11-21T00:00:00,47.494998931884766,47.494998931884766,2023-11-21T00:00:00
2023-11-22T00:00:00,47.79999923706055,47.79999923706055,2023-11-22T00:00:00
2023-11-24T00:00:00,47.95600128173828,47.95600128173828,2023-11-24T00:00:00
2023-11-27T00:00:00,47.91699981689453,47.91699981689453,2023-11-27T00:00:00
2023-11-28T00:00:00,47.900001525878906,47.900001525878906,2023-11-28T00:00:00
2023-11-29T00:00:00,47.71900177001953,47.71900177001953,2023-11-29T00:00:00
2023-11-30T00:00:00,47.39699935913086,47.39699935913086,2023-11-30T00:00:00
2023-12-01T00:00:00,46.57400131225586,46.57400131225586,2023-12-01T00:00:00
2023-12-04T00:00:00,45.38999938964844,45.38999938964844,2023-12-04T00:00:00
2023-12-05T00:00:00,45.51499938964844,45.51499938964844,2023-12-05T00:00:00
2023-12-06T00:00:00,44.67300033569336,44.67300033569336,2023-12-06T00:00:00
2023-12-07T00:00:00,45.20000076293945,45.20000076293945,2023-12-07T00:00:00
2023-12-08T00:00:00,45.375999450683594,45.375999450683594,2023-12-08T00:00:00
2023-12-11T00:00:00,45.98899841308594,45.98899841308594,2023-12-11T00:00:00
2023-12-12T00:00:00,46.29999923706055,46.29999923706055,2023-12-12T00:00:00
2023-12-13T00:00:00,47.99800109863281,47.99800109863281,2023-12-13T00:00:00
2023-12-14T00:00:00,46.983001708984375,46.983001708984375,2023-12-14T00:00:00
2023-12-15T00:00:00,47.20600128173828,47.20600128173828,2023-12-15T00:00:00
2023-12-18T00:00:00,48.61199951171875,48.61199951171875,2023-12-18T00:00:00
2023-12-19T00:00:00,49.50199890136719,49.50199890136719,2023-12-19T00:00:00
2023-12-20T00:00:00,48.926998138427734,48.926998138427734,2023-12-20T00:00:00
2023-12-21T00:00:00,49.1609992980957,49.1609992980957,2023-12-21T00:00:00
2023-12-22T00:00:00,48.67599868774414,48.67599868774414,2023-12-22T00:00:00
2023-12-26T00:00:00,49.11899948120117,49.11899948120117,2023-12-26T00:00:00
2023-12-27T00:00:00,49.17900085449219,49.17900085449219,2023-12-27T00:00:00
2023-12-28T00:00:00,49.05099868774414,49.05099868774414,2023-12-28T00:00:00
2023-12-29T00:00:00,48.6879997253418,48.6879997253418,2023-12-29T00:00:00
2024-01-02T00:00:00,46.849998474121094,46.849998474121094,2024-01-02T00:00:00
2024-01-03T00:00:00,47.0260009765625,47.0260009765625,2024-01-03T00:00:00
2024-01-04T00:00:00,47.46699905395508,47.46699905395508,2024-01-04T00:00:00
2024-01-05T00:00:00,47.40599822998047,47.40599822998047,2024-01-05T00:00:00
2024-01-08T00:00:00,48.50299835205078,48.50299835205078,2024-01-08T00:00:00
2024-01-09T00:00:00,48.20899963378906,48.20899963378906,2024-01-09T00:00:00
2024-01-10T00:00:00,47.83300018310547,47.83300018310547,2024-01-10T00:00:00
2024-01-11T00:00:00,49.222999572753906,49.222999572753906,2024-01-11T00:00:00
2024-01-12T00:00:00,49.215999603271484,49.215999603271484,2024-01-12T00:00:00
2024-01-16T00:00:00,48.124000549316406,48.124000549316406,2024-01-16T00:00:00
2024-01-17T00:00:00,48.03300094604492,48.03300094604492,2024-01-17T00:00:00
2024-01-18T00:00:00,48.53099822998047,48.53099822998047,2024-01-18T00:00:00
2024-01-19T00:00:00,48.29499816894531,48.29499816894531,2024-01-19T00:00:00
2024-01-22T00:00:00,48.57099914550781,48.57099914550781,2024-01-22T00:00:00
2024-01-23T00:00:00,49.21900177001953,49.21900177001953,2024-01-23T00:00:00
2024-01-24T00:00:00,54.48699951171875,54.48699951171875,2024-01-24T00:00:00
2024-01-25T00:00:00,56.20000076293945,56.20000076293945,2024-01-25T00:00:00
2024-01-26T00:00:00,57.04199981689453,57.04199981689453,2024-01-26T00:00:00
2024-01-29T00:00:00,57.57899856567383,57.57899856567383,2024-01-29T00:00:00
2024-01-30T00:00:00,56.28499984741211,56.28499984741211,2024-01-30T00:00:00
2024-01-31T00:00:00,56.4109992980957,56.4109992980957,2024-01-31T00:00:00
2024-02-01T00:00:00,56.750999450683594,56.750999450683594,2024-02-01T00:00:00
2024-02-02T00:00:00,56.4640007019043,56.4640007019043,2024-02-02T00:00:00
2024-02-05T00:00:00,56.20600128173828,56.20600128173828,2024-02-05T00:00:00
2024-02-06T00:00:00,55.5880012512207,55.5880012512207,2024-02-06T00:00:00
2024-02-07T00:00:00,55.93000030517578,55.93000030517578,2024-02-07T00:00:00
2024-02-08T00:00:00,55.85300064086914,55.85300064086914,2024-02-08T00:00:00
2024-02-09T00:00:00,56.13199996948242,56.13199996948242,2024-02-09T00:00:00
2024-02-12T00:00:00,55.78499984741211,55.78499984741211,2024-02-12T00:00:00
2024-02-13T00:00:00,55.45199966430664,55.45199966430664,2024-02-13T00:00:00
2024-02-14T00:00:00,57.93299865722656,57.93299865722656,2024-02-14T00:00:00
2024-02-15T00:00:00,59.34600067138672,59.34600067138672,2024-02-15T00:00:00
2024-02-16T00:00:00,58.39500045776367,58.39500045776367,2024-02-16T00:00:00
2024-02-20T00:00:00,57.51300048828125,57.51300048828125,2024-02-20T00:00:00
2024-02-21T00:00:00,57.334999084472656,57.334999084472656,2024-02-21T00:00:00
2024-02-22T00:00:00,58.84700012207031,58.84700012207031,2024-02-22T00:00:00
2024-02-23T00:00:00,58.35599899291992,58.35599899291992,2024-02-23T00:00:00
2024-02-26T00:00:00,58.76499938964844,58.76499938964844,2024-02-26T00:00:00
2024-02-27T00:00:00,60.16699981689453,60.16699981689453,2024-02-27T00:00:00
2024-02-28T00:00:00,59.64799880981445,59.64799880981445,2024-02-28T00:00:00
2024-02-29T00:00:00,60.29199981689453,60.29199981689453,2024-02-29T00:00:00
2024-03-01T00:00:00,61.933998107910156,61.933998107910156,2024-03-01T00:00:00
2024-03-04T00:00:00,61.58300018310547,61.58300018310547,2024-03-04T00:00:00
2024-03-05T00:00:00,59.849998474121094,59.849998474121094,2024-03-05T00:00:00
2024-03-06T00:00:00,59.76900100708008,59.76900100708008,2024-03-06T00:00:00
2024-03-07T00:00:00,60.85100173950195,60.85100173950195,2024-03-07T00:00:00
2024-03-08T00:00:00,60.481998443603516,60.481998443603516,2024-03-08T00:00:00
2024-03-11T00:00:00,60.09299850463867,60.09299850463867,2024-03-11T00:00:00
2024-03-12T00:00:00,61.108001708984375,61.108001708984375,2024-03-12T00:00:00
2024-03-13T00:00:00,60.94499969482422,60.94499969482422,2024-03-13T00:00:00
2024-03-14T00:00:00,61.30099868774414,61.30099868774414,2024-03-14T00:00:00
2024-03-15T00:00:00,60.5880012512207,60.5880012512207,2024-03-15T00:00:00
2024-03-18T00:00:00,61.8390007019043,61.8390007019043,2024-03-18T00:00:00
2024-03-19T00:00:00,62.07400131225586,62.07400131225586,2024-03-19T00:00:00
2024-03-20T00:00:00,62.76900100708008,62.76900100708008,2024-03-20T00:00:00
2024-03-21T00:00:00,62.270999908447266,62.270999908447266,2024-03-21T00:00:00
2024-03-22T00:00:00,62.80099868774414,62.80099868774414,2024-03-22T00:00:00
2024-03-25T00:00:00,62.74599838256836,62.74599838256836,2024-03-25T00:00:00
2024-03-26T00:00:00,62.92399978637695,62.92399978637695,2024-03-26T00:00:00
2024-03-27T00:00:00,61.35300064086914,61.35300064086914,2024-03-27T00:00:00
2024-03-28T00:00:00,60.733001708984375,60.733001708984375,2024-03-28T00:00:00
2024-04-01T00:00:00,61.430999755859375,61.430999755859375,2024-04-01T00:00:00
2024-04-02T00:00:00,61.42100143432617,61.42100143432617,2024-04-02T00:00:00
2024-04-03T00:00:00,63.007999420166016,63.007999420166016,2024-04-03T00:00:00
2024-04-04T00:00:00,61.7140007019043,61.7140007019043,2024-04-04T00:00:00
2024-04-05T00:00:00,63.61800003051758,63.61800003051758,2024-04-05T00:00:00
2024-04-08T00:00:00,62.840999603271484,62.840999603271484,2024-04-08T00:00:00
2024-04-09T00:00:00,61.81999969482422,61.81999969482422,2024-04-09T00:00:00
2024-04-10T00:00:00,61.858001708984375,61.858001708984375,2024-04-10T00:00:00
2024-04-11T00:00:00,62.87799835205078,62.87799835205078,2024-04-11T00:00:00
2024-04-12T00:00:00,62.28300094604492,62.28300094604492,2024-04-12T00:00:00
2024-04-15T00:00:00,60.71500015258789,60.71500015258789,2024-04-15T00:00:00
2024-04-16T00:00:00,61.75199890136719,61.75199890136719,2024-04-16T00:00:00
2024-04-17T00:00:00,61.36899948120117,61.36899948120117,2024-04-17T00:00:00
2024-04-18T00:00:00,61.055999755859375,61.055999755859375,2024-04-18T00:00:00
2024-04-19T00:00:00,55.50400161743164,55.50400161743164,2024-04-19T00:00:00
2024-04-22T00:00:00,55.459999084472656,55.459999084472656,2024-04-22T00:00:00
2024-04-23T00:00:00,57.775001525878906,57.775001525878906,2024-04-23T00:00:00
2024-04-24T00:00:00,55.512001037597656,55.512001037597656,2024-04-24T00:00:00
2024-04-25T00:00:00,56.47999954223633,56.47999954223633,2024-04-25T00:00:00
2024-04-26T00:00:00,56.12300109863281,56.12300109863281,2024-04-26T00:00:00
2024-04-29T00:00:00,55.94900131225586,55.94900131225586,2024-04-29T00:00:00
2024-04-30T00:00:00,55.06399917602539,55.06399917602539,2024-04-30T00:00:00
2024-05-01T00:00:00,55.17100143432617,55.17100143432617,2024-05-01T00:00:00
2024-05-02T00:00:00,56.51499938964844,56.51499938964844,2024-05-02T00:00:00
2024-05-03T00:00:00,57.933998107910156,57.933998107910156,2024-05-03T00:00:00
2024-05-06T00:00:00,59.696998596191406,59.696998596191406,2024-05-06T00:00:00
2024-05-07T00:00:00,60.599998474121094,60.599998474121094,2024-05-07T00:00:00
2024-05-08T00:00:00,60.946998596191406,60.946998596191406,2024-05-08T00:00:00
2024-05-09T00:00:00,61.20899963378906,61.20899963378906,2024-05-09T00:00:00
2024-05-10T00:00:00,61.08700180053711,61.08700180053711,2024-05-10T00:00:00
2024-05-13T00:00:00,61.659000396728516,61.659000396728516,2024-05-13T00:00:00
2024-05-14T00:00:00,61.36600112915039,61.36600112915039,2024-05-14T00:00:00
2024-05-15T00:00:00,61.35200119018555,61.35200119018555,2024-05-15T00:00:00
2024-05-16T00:00:00,61.051998138427734,61.051998138427734,2024-05-16T00:00:00
2024-05-17T00:00:00,62.11000061035156,62.11000061035156,2024-05-17T00:00:00
2024-05-20T00:00:00,64.08200073242188,64.08200073242188,2024-05-20T00:00:00
2024-05-21T00:00:00,65.06099700927734,65.06099700927734,2024-05-21T00:00:00
2024-05-22T00:00:00,64.0469970703125,64.0469970703125,2024-05-22T00:00:00
2024-05-23T00:00:00,63.56700134277344,63.56700134277344,2024-05-23T00:00:00
2024-05-24T00:00:00,64.67500305175781,64.67500305175781,2024-05-24T00:00:00
2024-05-28T00:00:00,64.9000015258789,64.9000015258789,2024-05-28T00:00:00
2024-05-29T00:00:00,65.46199798583984,65.46199798583984,2024-05-29T00:00:00
2024-05-30T00:00:00,64.76599884033203,64.76599884033203,2024-05-30T00:00:00
2024-05-31T00:00:00,64.16200256347656,64.16200256347656,2024-05-31T00:00:00
2024-06-03T00:00:00,63.37900161743164,63.37900161743164,2024-06-03T00:00:00
2024-06-04T00:00:00,63.1619987487793,63.1619987487793,2024-06-04T00:00:00
2024-06-05T00:00:00,65.0270004272461,65.0270004272461,2024-06-05T00:00:00
2024-06-06T00:00:00,64.85199737548828,64.85199737548828,2024-06-06T00:00:00
2024-06-07T00:00:00,64.14700317382812,64.14700317382812,2024-06-07T00:00:00
2024-06-10T00:00:00,64.44999694824219,64.44999694824219,2024-06-10T00:00:00
2024-06-11T00:00:00,64.8550033569336,64.8550033569336,2024-06-11T00:00:00
2024-06-12T00:00:00,65.00599670410156,65.00599670410156,2024-06-12T00:00:00
2024-06-13T00:00:00,65.32599639892578,65.32599639892578,2024-06-13T00:00:00
2024-06-14T00:00:00,66.93800354003906,66.93800354003906,2024-06-14T00:00:00
2024-06-17T00:00:00,67.58300018310547,67.58300018310547,2024-06-17T00:00:00
2024-06-18T00:00:00,68.56700134277344,68.56700134277344,2024-06-18T00:00:00
2024-06-20T00:00:00,67.90299987792969,67.90299987792969,2024-06-20T00:00:00
2024-06-21T00:00:00,68.61199951171875,68.61199951171875,2024-06-21T00:00:00
2024-06-24T00:00:00,66.9020004272461,66.9020004272461,2024-06-24T00:00:00
2024-06-25T00:00:00,67.24099731445312,67.24099731445312,2024-06-25T00:00:00
2024-06-26T00:00:00,67.76899719238281,67.76899719238281,2024-06-26T00:00:00
2024-06-27T00:00:00,68.43399810791016,68.43399810791016,2024-06-27T00:00:00
2024-06-28T00:00:00,67.48799896240234,67.48799896240234,2024-06-28T00:00:00
2024-07-01T00:00:00,67.36100006103516,67.36100006103516,2024-07-01T00:00:00
2024-07-02T00:00:00,67.95800018310547,67.95800018310547,2024-07-02T00:00:00
2024-07-03T00:00:00,68.2509994506836,68.2509994506836,2024-07-03T00:00:00
2024-07-05T00:00:00,69.06500244140625,69.06500244140625,2024-07-05T00:00:00
2024-07-08T00:00:00,68.5739974975586,68.5739974975586,2024-07-08T00:00:00
2024-07-09T00:00:00,68.5739974975586,68.5739974975586,2024-07-09T00:00:00
2024-07-10T00:00:00,67.76499938964844,67.76499938964844,2024-07-10T00:00:00
2024-07-11T00:00:00,65.2750015258789,65.2750015258789,2024-07-11T00:00:00
2024-07-12T00:00:00,64.76000213623047,64.76000213623047,2024-07-12T00:00:00
2024-07-15T00:00:00,65.6449966430664,65.6449966430664,2024-07-15T00:00:00
2024-07-16T00:00:00,65.63200378417969,65.63200378417969,2024-07-16T00:00:00
2024-07-17T00:00:00,64.74600219726562,64.74600219726562,2024-07-17T00:00:00
2024-07-18T00:00:00,64.30400085449219,64.30400085449219,2024-07-18T00:00:00
2024-07-19T00:00:00,63.33399963378906,63.33399963378906,2024-07-19T00:00:00
2024-07-22T00:00:00,64.75,64.75,2024-07-22T00:00:00
2024-07-23T00:00:00,64.2760009765625,64.2760009765625,2024-07-23T00:00:00
2024-07-24T00:00:00,63.5989990234375,63.5989990234375,2024-07-24T00:00:00
2024-07-25T00:00:00,63.409000396728516,63.409000396728516,2024-07-25T00:00:00
2024-07-26T00:00:00,63.137001037597656,63.137001037597656,2024-07-26T00:00:00
2024-07-29T00:00:00,62.69599914550781,62.69599914550781,2024-07-29T00:00:00
2024-07-30T00:00:00,62.257999420166016,62.257999420166016,2024-07-30T00:00:00
2024-07-31T00:00:00,62.834999084472656,62.834999084472656,2024-07-31T00:00:00
2024-08-01T00:00:00,62.48500061035156,62.48500061035156,2024-08-01T00:00:00
2024-08-02T00:00:00,61.36399841308594,61.36399841308594,2024-08-02T00:00:00
2024-08-05T00:00:00,59.85499954223633,59.85499954223633,2024-08-05T00:00:00
2024-08-06T00:00:00,60.957000732421875,60.957000732421875,2024-08-06T00:00:00
2024-08-07T00:00:00,61.14799880981445,61.14799880981445,2024-08-07T00:00:00
2024-08-08T00:00:00,63.03499984741211,63.03499984741211,2024-08-08T00:00:00
2024-08-09T00:00:00,63.39400100708008,63.39400100708008,2024-08-09T00:00:00
2024-08-12T00:00:00,63.31399917602539,63.31399917602539,2024-08-12T00:00:00
2024-08-13T00:00:00,64.802001953125,64.802001953125,2024-08-13T00:00:00
2024-08-14T00:00:00,66.16799926757812,66.16799926757812,2024-08-14T00:00:00
2024-08-15T00:00:00,66.3219985961914,66.3219985961914,2024-08-15T00:00:00
2024-08-16T00:00:00,67.40699768066406,67.40699768066406,2024-08-16T00:00:00
2024-08-19T00:00:00,68.85299682617188,68.85299682617188,2024-08-19T00:00:00
2024-08-20T00:00:00,69.85399627685547,69.85399627685547,2024-08-20T00:00:00
2024-08-21T00:00:00,69.71199798583984,69.71199798583984,2024-08-21T00:00:00
2024-08-22T00:00:00,68.89600372314453,68.89600372314453,2024-08-22T00:00:00
2024-08-23T00:00:00,68.6729965209961,68.6729965209961,2024-08-23T00:00:00
2024-08-26T00:00:00,68.84400177001953,68.84400177001953,2024-08-26T00:00:00
2024-08-27T00:00:00,69.5719985961914,69.5719985961914,2024-08-27T00:00:00
2024-08-28T00:00:00,68.38400268554688,68.38400268554688,2024-08-28T00:00:00
2024-08-29T00:00:00,69.24800109863281,69.24800109863281,2024-08-29T00:00:00
2024-08-30T00:00:00,70.13500213623047,70.13500213623047,2024-08-30T00:00:00
2024-09-03T00:00:00,67.53199768066406,67.53199768066406,2024-09-03T00:00:00
2024-09-04T00:00:00,67.96800231933594,67.96800231933594,2024-09-04T00:00:00
2024-09-05T00:00:00,68.36199951171875,68.36199951171875,2024-09-05T00:00:00
2024-09-06T00:00:00,66.5770034790039,66.5770034790039,2024-09-06T00:00:00
2024-09-09T00:00:00,67.54199981689453,67.54199981689453,2024-09-09T00:00:00
2024-09-10T00:00:00,67.36199951171875,67.36199951171875,2024-09-10T00:00:00
2024-09-11T00:00:00,68.14700317382812,68.14700317382812,2024-09-11T00:00:00
2024-09-12T00:00:00,68.68000030517578,68.68000030517578,2024-09-12T00:00:00
2024-09-13T00:00:00,69.70600128173828,69.70600128173828,2024-09-13T00:00:00
2024-09-16T00:00:00,69.6500015258789,69.6500015258789,2024-09-16T00:00:00
2024-09-17T00:00:00,70.69100189208984,70.69100189208984,2024-09-17T00:00:00
2024-09-18T00:00:00,69.0469970703125,69.0469970703125,2024-09-18T00:00:00
2024-09-19T00:00:00,70.43199920654297,70.43199920654297,2024-09-19T00:00:00
2024-09-20T00:00:00,70.10299682617188,70.10299682617188,2024-09-20T00:00:00
2024-09-23T00:00:00,70.53700256347656,70.53700256347656,2024-09-23T00:00:00
2024-09-24T00:00:00,72.22599792480469,72.22599792480469,2024-09-24T00:00:00
2024-09-25T00:00:00,72.15599822998047,72.15599822998047,2024-09-25T00:00:00
2024-09-26T00:00:00,71.14299774169922,71.14299774169922,2024-09-26T00:00:00
2024-09-27T00:00:00,70.73500061035156,70.73500061035156,2024-09-27T00:00:00
2024-09-30T00:00:00,70.927001953125,70.927001953125,2024-09-30T00:00:00
2024-10-01T00:00:00,70.61299896240234,70.61299896240234,2024-10-01T00:00:00
2024-10-02T00:00:00,71.10900115966797,71.10900115966797,2024-10-02T00:00:00
2024-10-03T00:00:00,70.68000030517578,70.68000030517578,2024-10-03T00:00:00
2024-10-04T00:00:00,71.97000122070312,71.97000122070312,2024-10-04T00:00:00
2024-10-07T00:00:00,70.19200134277344,70.19200134277344,2024-10-07T00:00:00
2024-10-08T00:00:00,72.1760025024414,72.1760025024414,2024-10-08T00:00:00
2024-10-09T00:00:00,72.74299621582031,72.74299621582031,2024-10-09T00:00:00
2024-10-10T00:00:00,73.02899932861328,73.02899932861328,2024-10-10T00:00:00
2024-10-11T00:00:00,72.27899932861328,72.27899932861328,2024-10-11T00:00:00
2024-10-14T00:00:00,71.30000305175781,71.30000305175781,2024-10-14T00:00:00
2024-10-15T00:00:00,70.5979995727539,70.5979995727539,2024-10-15T00:00:00
2024-10-16T00:00:00,70.19999694824219,70.19999694824219,2024-10-16T00:00:00
2024-10-17T00:00:00,68.76499938964844,68.76499938964844,2024-10-17T00:00:00
2024-10-18T00:00:00,76.38899993896484,76.38899993896484,2024-10-18T00:00:00
2024-10-21T00:00:00,77.20700073242188,77.20700073242188,2024-10-21T00:00:00
2024-10-22T00:00:00,76.42400360107422,76.42400360107422,2024-10-22T00:00:00
2024-10-23T00:00:00,74.92900085449219,74.92900085449219,2024-10-23T00:00:00
2024-10-24T00:00:00,75.45500183105469,75.45500183105469,2024-10-24T00:00:00
2024-10-25T00:00:00,75.46800231933594,75.46800231933594,2024-10-25T00:00:00
2024-10-28T00:00:00,74.91200256347656,74.91200256347656,2024-10-28T00:00:00
2024-10-29T00:00:00,75.94400024414062,75.94400024414062,2024-10-29T00:00:00
2024-10-30T00:00:00,75.3740005493164,75.3740005493164,2024-10-30T00:00:00
2024-10-31T00:00:00,75.60299682617188,75.60299682617188,2024-10-31T00:00:00
2024-11-01T00:00:00,75.61000061035156,75.61000061035156,2024-11-01T00:00:00
2024-11-04T00:00:00,75.5510025024414,75.5510025024414,2024-11-04T00:00:00
2024-11-05T00:00:00,76.39099884033203,76.39099884033203,2024-11-05T00:00:00
2024-11-06T00:00:00,78.02100372314453,78.02100372314453,2024-11-06T00:00:00
2024-11-07T00:00:00,79.65399932861328,79.65399932861328,2024-11-07T00:00:00
2024-11-08T00:00:00,79.50399780273438,79.50399780273438,2024-11-08T00:00:00
2024-11-11T00:00:00,80.54399871826172,80.54399871826172,2024-11-11T00:00:00
2024-11-12T00:00:00,81.94999694824219,81.94999694824219,2024-11-12T00:00:00
2024-11-13T00:00:00,83.0469970703125,83.0469970703125,2024-11-13T00:00:00
2024-11-14T00:00:00,83.72599792480469,83.72599792480469,2024-11-14T00:00:00
2024-11-15T00:00:00,82.39600372314453,82.39600372314453,2024-11-15T00:00:00
2024-11-18T00:00:00,84.70500183105469,84.70500183105469,2024-11-18T00:00:00
2024-11-19T00:00:00,87.13200378417969,87.13200378417969,2024-11-19T00:00:00
2024-11-20T00:00:00,88.38500213623047,88.38500213623047,2024-11-20T00:00:00
2024-11-21T00:00:00,89.74800109863281,89.74800109863281,2024-11-21T00:00:00
2024-11-22T00:00:00,89.77899932861328,89.77899932861328,2024-11-22T00:00:00
2024-11-25T00:00:00,86.55899810791016,86.55899810791016,2024-11-25T00:00:00
2024-11-26T00:00:00,87.26000213623047,87.26000213623047,2024-11-26T00:00:00
2024-11-27T00:00:00,87.73400115966797,87.73400115966797,2024-11-27T00:00:00
2024-11-29T00:00:00,88.68099975585938,88.68099975585938,2024-11-29T00:00:00
2024-12-02T00:00:00,89.77400207519531,89.77400207519531,2024-12-02T00:00:00
2024-12-03T00:00:00,90.21700286865234,90.21700286865234,2024-12-03T00:00:00
2024-12-04T00:00:00,91.10600280761719,91.10600280761719,2024-12-04T00:00:00
2024-12-05T00:00:00,91.78700256347656,91.78700256347656,2024-12-05T00:00:00
2024-12-06T00:00:00,93.4739990234375,93.4739990234375,2024-12-06T00:00:00
2024-12-09T00:00:00,91.36900329589844,91.36900329589844,2024-12-09T00:00:00
2024-12-10T00:00:00,91.33499908447266,91.33499908447266,2024-12-10T00:00:00
2024-12-11T00:00:00,93.65599822998047,93.65599822998047,2024-12-11T00:00:00
2024-12-12T00:00:00,92.55500030517578,92.55500030517578,2024-12-12T00:00:00
2024-12-13T00:00:00,91.88700103759766,91.88700103759766,2024-12-13T00:00:00
2024-12-16T00:00:00,92.10800170898438,92.10800170898438,2024-12-16T00:00:00
2024-12-17T00:00:00,91.91300201416016,91.91300201416016,2024-12-17T00:00:00
2024-12-18T00:00:00,88.95500183105469,88.95500183105469,2024-12-18T00:00:00
2024-12-19T00:00:00,90.2040023803711,90.2040023803711,2024-12-19T00:00:00
2024-12-20T00:00:00,90.90499877929688,90.90499877929688,2024-12-20T00:00:00
2024-12-23T00:00:00,91.1449966430664,91.1449966430664,2024-12-23T00:00:00
2024-12-24T00:00:00,93.21199798583984,93.21199798583984,2024-12-24T00:00:00
2024-12-26T00:00:00,92.41400146484375,92.41400146484375,2024-12-26T00:00:00
2024-12-27T00:00:00,90.75499725341797,90.75499725341797,2024-12-27T00:00:00
2024-12-30T00:00:00,90.04299926757812,90.04299926757812,2024-12-30T00:00:00
